Name,URL,Description,Number of Subscribers,Focus Language,Learning Emphasis,Heritage Emphasis,Last Post Date/Time (UTC)
AskReddit,https://www.reddit.com/r/AskReddit/,r/AskReddit is the place to ask and answer thought-provoking questions.,56313112,Unknown,No,No,2025-06-27 16:07:44
todayilearned,https://www.reddit.com/r/todayilearned/,"You learn something new every day; what did you learn today?
Submit interesting and specific facts about something that you just found out here.",40929555,Unknown,Yes,No,2025-06-27 16:01:06
todayilearned,https://www.reddit.com/r/todayilearned/,"You learn something new every day; what did you learn today?
Submit interesting and specific facts about something that you just found out here.",40929554,Unknown,Yes,No,2025-06-27 16:01:06
NoStupidQuestions,https://www.reddit.com/r/NoStupidQuestions/,"Ask away!

Disclaimer: This is an anonymous forum so answers may not be correct",6418054,Unknown,No,No,2025-06-27 16:07:49
languagelearning,https://www.reddit.com/r/languagelearning/,"A community for anybody interested in learning other languages. Whether you are just starting, a polyglot or a language nerd, this is the place for you!",3255321,Unknown,Yes,No,2025-06-27 16:08:29
languagelearning,https://www.reddit.com/r/languagelearning/,"A community for anybody interested in learning other languages. Whether you are just starting, a polyglot or a language nerd, this is the place for you!",3255320,Unknown,Yes,No,2025-06-27 16:08:29
languagelearning,https://www.reddit.com/r/languagelearning/,"A community for anybody interested in learning other languages. Whether you are just starting, a polyglot or a language nerd, this is the place for you!",3255320,Unknown,Yes,No,2025-06-27 16:08:29
languagelearning,https://www.reddit.com/r/languagelearning/,"A community for anybody interested in learning other languages. Whether you are just starting, a polyglot or a language nerd, this is the place for you!",3255320,Unknown,Yes,No,2025-06-27 16:08:29
languagelearning,https://www.reddit.com/r/languagelearning/,"A community for anybody interested in learning other languages. Whether you are just starting, a polyglot or a language nerd, this is the place for you!",3255320,Unknown,Yes,No,2025-06-27 16:08:29
languagelearning,https://www.reddit.com/r/languagelearning/,"A community for anybody interested in learning other languages. Whether you are just starting, a polyglot or a language nerd, this is the place for you!",3255320,Unknown,Yes,No,2025-06-27 16:07:50
languagelearning,https://www.reddit.com/r/languagelearning/,"A community for anybody interested in learning other languages. Whether you are just starting, a polyglot or a language nerd, this is the place for you!",3255320,Unknown,Yes,No,2025-06-27 16:08:29
languagelearning,https://www.reddit.com/r/languagelearning/,"A community for anybody interested in learning other languages. Whether you are just starting, a polyglot or a language nerd, this is the place for you!",3255320,Unknown,Yes,No,2025-06-27 16:08:29
languagelearning,https://www.reddit.com/r/languagelearning/,"A community for anybody interested in learning other languages. Whether you are just starting, a polyglot or a language nerd, this is the place for you!",3255320,Unknown,Yes,No,2025-06-27 16:08:29
languagelearning,https://www.reddit.com/r/languagelearning/,"A community for anybody interested in learning other languages. Whether you are just starting, a polyglot or a language nerd, this is the place for you!",3255320,Unknown,Yes,No,2025-06-27 16:08:29
languagelearning,https://www.reddit.com/r/languagelearning/,"A community for anybody interested in learning other languages. Whether you are just starting, a polyglot or a language nerd, this is the place for you!",3255320,Unknown,Yes,No,2025-06-27 16:08:29
languagelearning,https://www.reddit.com/r/languagelearning/,"A community for anybody interested in learning other languages. Whether you are just starting, a polyglot or a language nerd, this is the place for you!",3255320,Unknown,Yes,No,2025-06-27 16:08:29
languagelearning,https://www.reddit.com/r/languagelearning/,"A community for anybody interested in learning other languages. Whether you are just starting, a polyglot or a language nerd, this is the place for you!",3255320,Unknown,Yes,No,2025-06-27 16:08:29
languagelearning,https://www.reddit.com/r/languagelearning/,"A community for anybody interested in learning other languages. Whether you are just starting, a polyglot or a language nerd, this is the place for you!",3255320,Unknown,Yes,No,2025-06-27 16:08:29
languagelearning,https://www.reddit.com/r/languagelearning/,"A community for anybody interested in learning other languages. Whether you are just starting, a polyglot or a language nerd, this is the place for you!",3255320,Unknown,Yes,No,2025-06-27 16:08:29
languagelearning,https://www.reddit.com/r/languagelearning/,"A community for anybody interested in learning other languages. Whether you are just starting, a polyglot or a language nerd, this is the place for you!",3255319,Unknown,Yes,No,2025-06-27 16:07:50
languagelearning,https://www.reddit.com/r/languagelearning/,"A community for anybody interested in learning other languages. Whether you are just starting, a polyglot or a language nerd, this is the place for you!",3255319,Unknown,Yes,No,2025-06-27 16:00:20
languagelearning,https://www.reddit.com/r/languagelearning/,"A community for anybody interested in learning other languages. Whether you are just starting, a polyglot or a language nerd, this is the place for you!",3255319,Unknown,Yes,No,2025-06-27 16:07:50
languagelearning,https://www.reddit.com/r/languagelearning/,"A community for anybody interested in learning other languages. Whether you are just starting, a polyglot or a language nerd, this is the place for you!",3255319,Unknown,Yes,No,2025-06-27 16:08:29
languagelearning,https://www.reddit.com/r/languagelearning/,"A community for anybody interested in learning other languages. Whether you are just starting, a polyglot or a language nerd, this is the place for you!",3255319,Unknown,Yes,No,2025-06-27 16:08:29
IWantToLearn,https://www.reddit.com/r/IWantToLearn/,"Have you ever wanted to learn a martial art, or to play the guitar, or how to program a computer? Have you had difficulty figuring out where to start, what path to take or just wanted some advice to get you to the next level?

Well, that's what /r/IWantToLearn is all about!

Tell our community what you want to learn, and let those who came before you help guide you towards success!",1438192,Unknown,Yes,No,2025-06-27 15:20:48
IWantToLearn,https://www.reddit.com/r/IWantToLearn/,"Have you ever wanted to learn a martial art, or to play the guitar, or how to program a computer? Have you had difficulty figuring out where to start, what path to take or just wanted some advice to get you to the next level?

Well, that's what /r/IWantToLearn is all about!

Tell our community what you want to learn, and let those who came before you help guide you towards success!",1438192,Unknown,Yes,No,2025-06-27 15:20:48
IWantToLearn,https://www.reddit.com/r/IWantToLearn/,"Have you ever wanted to learn a martial art, or to play the guitar, or how to program a computer? Have you had difficulty figuring out where to start, what path to take or just wanted some advice to get you to the next level?

Well, that's what /r/IWantToLearn is all about!

Tell our community what you want to learn, and let those who came before you help guide you towards success!",1438192,Unknown,Yes,No,2025-06-27 15:20:48
IWantToLearn,https://www.reddit.com/r/IWantToLearn/,"Have you ever wanted to learn a martial art, or to play the guitar, or how to program a computer? Have you had difficulty figuring out where to start, what path to take or just wanted some advice to get you to the next level?

Well, that's what /r/IWantToLearn is all about!

Tell our community what you want to learn, and let those who came before you help guide you towards success!",1438192,Unknown,Yes,No,2025-06-27 15:20:48
IWantToLearn,https://www.reddit.com/r/IWantToLearn/,"Have you ever wanted to learn a martial art, or to play the guitar, or how to program a computer? Have you had difficulty figuring out where to start, what path to take or just wanted some advice to get you to the next level?

Well, that's what /r/IWantToLearn is all about!

Tell our community what you want to learn, and let those who came before you help guide you towards success!",1438192,Unknown,Yes,No,2025-06-27 15:20:48
IWantToLearn,https://www.reddit.com/r/IWantToLearn/,"Have you ever wanted to learn a martial art, or to play the guitar, or how to program a computer? Have you had difficulty figuring out where to start, what path to take or just wanted some advice to get you to the next level?

Well, that's what /r/IWantToLearn is all about!

Tell our community what you want to learn, and let those who came before you help guide you towards success!",1438192,Unknown,Yes,No,2025-06-27 15:20:48
IWantToLearn,https://www.reddit.com/r/IWantToLearn/,"Have you ever wanted to learn a martial art, or to play the guitar, or how to program a computer? Have you had difficulty figuring out where to start, what path to take or just wanted some advice to get you to the next level?

Well, that's what /r/IWantToLearn is all about!

Tell our community what you want to learn, and let those who came before you help guide you towards success!",1438192,Unknown,Yes,No,2025-06-27 15:20:48
IWantToLearn,https://www.reddit.com/r/IWantToLearn/,"Have you ever wanted to learn a martial art, or to play the guitar, or how to program a computer? Have you had difficulty figuring out where to start, what path to take or just wanted some advice to get you to the next level?

Well, that's what /r/IWantToLearn is all about!

Tell our community what you want to learn, and let those who came before you help guide you towards success!",1438192,Unknown,Yes,No,2025-06-27 15:20:48
IWantToLearn,https://www.reddit.com/r/IWantToLearn/,"Have you ever wanted to learn a martial art, or to play the guitar, or how to program a computer? Have you had difficulty figuring out where to start, what path to take or just wanted some advice to get you to the next level?

Well, that's what /r/IWantToLearn is all about!

Tell our community what you want to learn, and let those who came before you help guide you towards success!",1438192,Unknown,Yes,No,2025-06-27 15:20:48
IWantToLearn,https://www.reddit.com/r/IWantToLearn/,"Have you ever wanted to learn a martial art, or to play the guitar, or how to program a computer? Have you had difficulty figuring out where to start, what path to take or just wanted some advice to get you to the next level?

Well, that's what /r/IWantToLearn is all about!

Tell our community what you want to learn, and let those who came before you help guide you towards success!",1438192,Unknown,Yes,No,2025-06-27 15:20:48
IWantToLearn,https://www.reddit.com/r/IWantToLearn/,"Have you ever wanted to learn a martial art, or to play the guitar, or how to program a computer? Have you had difficulty figuring out where to start, what path to take or just wanted some advice to get you to the next level?

Well, that's what /r/IWantToLearn is all about!

Tell our community what you want to learn, and let those who came before you help guide you towards success!",1438192,Unknown,Yes,No,2025-06-27 15:20:48
IWantToLearn,https://www.reddit.com/r/IWantToLearn/,"Have you ever wanted to learn a martial art, or to play the guitar, or how to program a computer? Have you had difficulty figuring out where to start, what path to take or just wanted some advice to get you to the next level?

Well, that's what /r/IWantToLearn is all about!

Tell our community what you want to learn, and let those who came before you help guide you towards success!",1438192,Unknown,Yes,No,2025-06-27 15:20:48
IWantToLearn,https://www.reddit.com/r/IWantToLearn/,"Have you ever wanted to learn a martial art, or to play the guitar, or how to program a computer? Have you had difficulty figuring out where to start, what path to take or just wanted some advice to get you to the next level?

Well, that's what /r/IWantToLearn is all about!

Tell our community what you want to learn, and let those who came before you help guide you towards success!",1438192,Unknown,Yes,No,2025-06-27 15:20:48
IWantToLearn,https://www.reddit.com/r/IWantToLearn/,"Have you ever wanted to learn a martial art, or to play the guitar, or how to program a computer? Have you had difficulty figuring out where to start, what path to take or just wanted some advice to get you to the next level?

Well, that's what /r/IWantToLearn is all about!

Tell our community what you want to learn, and let those who came before you help guide you towards success!",1438191,Unknown,Yes,No,2025-06-27 15:20:48
IWantToLearn,https://www.reddit.com/r/IWantToLearn/,"Have you ever wanted to learn a martial art, or to play the guitar, or how to program a computer? Have you had difficulty figuring out where to start, what path to take or just wanted some advice to get you to the next level?

Well, that's what /r/IWantToLearn is all about!

Tell our community what you want to learn, and let those who came before you help guide you towards success!",1438191,Unknown,Yes,No,2025-06-27 15:20:48
IWantToLearn,https://www.reddit.com/r/IWantToLearn/,"Have you ever wanted to learn a martial art, or to play the guitar, or how to program a computer? Have you had difficulty figuring out where to start, what path to take or just wanted some advice to get you to the next level?

Well, that's what /r/IWantToLearn is all about!

Tell our community what you want to learn, and let those who came before you help guide you towards success!",1438191,Unknown,Yes,No,2025-06-27 15:20:48
Python,https://www.reddit.com/r/Python/,"The official Python community for Reddit! Stay up to date with the latest news, packages, and meta information relating to the Python programming language. 
---

If you have questions or are new to Python use r/LearnPython",1368583,Unknown,No,No,2025-06-27 15:53:44
Python,https://www.reddit.com/r/Python/,"The official Python community for Reddit! Stay up to date with the latest news, packages, and meta information relating to the Python programming language. 
---

If you have questions or are new to Python use r/LearnPython",1368583,Unknown,No,No,2025-06-27 15:53:44
Python,https://www.reddit.com/r/Python/,"The official Python community for Reddit! Stay up to date with the latest news, packages, and meta information relating to the Python programming language. 
---

If you have questions or are new to Python use r/LearnPython",1368583,Unknown,No,No,2025-06-27 15:53:44
Python,https://www.reddit.com/r/Python/,"The official Python community for Reddit! Stay up to date with the latest news, packages, and meta information relating to the Python programming language. 
---

If you have questions or are new to Python use r/LearnPython",1368583,Unknown,No,No,2025-06-27 15:53:44
Python,https://www.reddit.com/r/Python/,"The official Python community for Reddit! Stay up to date with the latest news, packages, and meta information relating to the Python programming language. 
---

If you have questions or are new to Python use r/LearnPython",1368583,Unknown,No,No,2025-06-27 15:53:44
Python,https://www.reddit.com/r/Python/,"The official Python community for Reddit! Stay up to date with the latest news, packages, and meta information relating to the Python programming language. 
---

If you have questions or are new to Python use r/LearnPython",1368583,Unknown,No,No,2025-06-27 15:53:44
Python,https://www.reddit.com/r/Python/,"The official Python community for Reddit! Stay up to date with the latest news, packages, and meta information relating to the Python programming language. 
---

If you have questions or are new to Python use r/LearnPython",1368583,Unknown,No,No,2025-06-27 15:53:44
Python,https://www.reddit.com/r/Python/,"The official Python community for Reddit! Stay up to date with the latest news, packages, and meta information relating to the Python programming language. 
---

If you have questions or are new to Python use r/LearnPython",1368583,Unknown,No,No,2025-06-27 15:53:44
Python,https://www.reddit.com/r/Python/,"The official Python community for Reddit! Stay up to date with the latest news, packages, and meta information relating to the Python programming language. 
---

If you have questions or are new to Python use r/LearnPython",1368583,Unknown,No,No,2025-06-27 15:53:44
Python,https://www.reddit.com/r/Python/,"The official Python community for Reddit! Stay up to date with the latest news, packages, and meta information relating to the Python programming language. 
---

If you have questions or are new to Python use r/LearnPython",1368583,Unknown,No,No,2025-06-27 15:53:44
Python,https://www.reddit.com/r/Python/,"The official Python community for Reddit! Stay up to date with the latest news, packages, and meta information relating to the Python programming language. 
---

If you have questions or are new to Python use r/LearnPython",1368583,Unknown,No,No,2025-06-27 15:53:44
Python,https://www.reddit.com/r/Python/,"The official Python community for Reddit! Stay up to date with the latest news, packages, and meta information relating to the Python programming language. 
---

If you have questions or are new to Python use r/LearnPython",1368583,Unknown,No,No,2025-06-27 15:53:44
Python,https://www.reddit.com/r/Python/,"The official Python community for Reddit! Stay up to date with the latest news, packages, and meta information relating to the Python programming language. 
---

If you have questions or are new to Python use r/LearnPython",1368583,Unknown,No,No,2025-06-27 15:53:44
Python,https://www.reddit.com/r/Python/,"The official Python community for Reddit! Stay up to date with the latest news, packages, and meta information relating to the Python programming language. 
---

If you have questions or are new to Python use r/LearnPython",1368583,Unknown,No,No,2025-06-27 15:53:44
Python,https://www.reddit.com/r/Python/,"The official Python community for Reddit! Stay up to date with the latest news, packages, and meta information relating to the Python programming language. 
---

If you have questions or are new to Python use r/LearnPython",1368583,Unknown,No,No,2025-06-27 15:53:44
Python,https://www.reddit.com/r/Python/,"The official Python community for Reddit! Stay up to date with the latest news, packages, and meta information relating to the Python programming language. 
---

If you have questions or are new to Python use r/LearnPython",1368583,Unknown,No,No,2025-06-27 15:53:44
Python,https://www.reddit.com/r/Python/,"The official Python community for Reddit! Stay up to date with the latest news, packages, and meta information relating to the Python programming language. 
---

If you have questions or are new to Python use r/LearnPython",1368583,Unknown,No,No,2025-06-27 15:53:44
Python,https://www.reddit.com/r/Python/,"The official Python community for Reddit! Stay up to date with the latest news, packages, and meta information relating to the Python programming language. 
---

If you have questions or are new to Python use r/LearnPython",1368583,Unknown,No,No,2025-06-27 15:53:44
reddit.com,https://www.reddit.com/r/reddit.com/,"The original subreddit, now archived.",1019030,Unknown,No,No,2007-06-05 17:45:00
LearnJapanese,https://www.reddit.com/r/LearnJapanese/,"Welcome to r/LearnJapanese, *the* hub on Reddit for learners of the Japanese Language.",766291,Japanese,Yes,No,2025-06-27 13:01:12
LearnJapanese,https://www.reddit.com/r/LearnJapanese/,"Welcome to r/LearnJapanese, *the* hub on Reddit for learners of the Japanese Language.",766290,Japanese,Yes,No,2025-06-27 13:01:12
LearnJapanese,https://www.reddit.com/r/LearnJapanese/,"Welcome to r/LearnJapanese, *the* hub on Reddit for learners of the Japanese Language.",766290,Japanese,Yes,No,2025-06-27 13:01:12
LearnJapanese,https://www.reddit.com/r/LearnJapanese/,"Welcome to r/LearnJapanese, *the* hub on Reddit for learners of the Japanese Language.",766290,Japanese,Yes,No,2025-06-27 13:01:12
LearnJapanese,https://www.reddit.com/r/LearnJapanese/,"Welcome to r/LearnJapanese, *the* hub on Reddit for learners of the Japanese Language.",766290,Japanese,Yes,No,2025-06-27 13:01:12
LearnJapanese,https://www.reddit.com/r/LearnJapanese/,"Welcome to r/LearnJapanese, *the* hub on Reddit for learners of the Japanese Language.",766290,Japanese,Yes,No,2025-06-27 13:01:12
LearnJapanese,https://www.reddit.com/r/LearnJapanese/,"Welcome to r/LearnJapanese, *the* hub on Reddit for learners of the Japanese Language.",766290,Japanese,Yes,No,2025-06-27 13:01:12
LearnJapanese,https://www.reddit.com/r/LearnJapanese/,"Welcome to r/LearnJapanese, *the* hub on Reddit for learners of the Japanese Language.",766290,Japanese,Yes,No,2025-06-27 13:01:12
LearnJapanese,https://www.reddit.com/r/LearnJapanese/,"Welcome to r/LearnJapanese, *the* hub on Reddit for learners of the Japanese Language.",766290,Japanese,Yes,No,2025-06-27 13:01:12
LearnJapanese,https://www.reddit.com/r/LearnJapanese/,"Welcome to r/LearnJapanese, *the* hub on Reddit for learners of the Japanese Language.",766290,Japanese,Yes,No,2025-06-27 13:01:12
LearnJapanese,https://www.reddit.com/r/LearnJapanese/,"Welcome to r/LearnJapanese, *the* hub on Reddit for learners of the Japanese Language.",766290,Japanese,Yes,No,2025-06-27 13:01:12
LearnJapanese,https://www.reddit.com/r/LearnJapanese/,"Welcome to r/LearnJapanese, *the* hub on Reddit for learners of the Japanese Language.",766290,Japanese,Yes,No,2025-06-27 13:01:12
LearnJapanese,https://www.reddit.com/r/LearnJapanese/,"Welcome to r/LearnJapanese, *the* hub on Reddit for learners of the Japanese Language.",766290,Japanese,Yes,No,2025-06-27 13:01:12
LearnJapanese,https://www.reddit.com/r/LearnJapanese/,"Welcome to r/LearnJapanese, *the* hub on Reddit for learners of the Japanese Language.",766290,Japanese,Yes,No,2025-06-27 13:01:12
LearnJapanese,https://www.reddit.com/r/LearnJapanese/,"Welcome to r/LearnJapanese, *the* hub on Reddit for learners of the Japanese Language.",766290,Japanese,Yes,No,2025-06-27 13:01:12
LearnJapanese,https://www.reddit.com/r/LearnJapanese/,"Welcome to r/LearnJapanese, *the* hub on Reddit for learners of the Japanese Language.",766290,Japanese,Yes,No,2025-06-27 13:01:12
LearnJapanese,https://www.reddit.com/r/LearnJapanese/,"Welcome to r/LearnJapanese, *the* hub on Reddit for learners of the Japanese Language.",766290,Japanese,Yes,No,2025-06-27 13:01:12
LearnJapanese,https://www.reddit.com/r/LearnJapanese/,"Welcome to r/LearnJapanese, *the* hub on Reddit for learners of the Japanese Language.",766290,Japanese,Yes,No,2025-06-27 13:01:12
LearnJapanese,https://www.reddit.com/r/LearnJapanese/,"Welcome to r/LearnJapanese, *the* hub on Reddit for learners of the Japanese Language.",766290,Japanese,Yes,No,2025-06-27 13:01:12
HongKong,https://www.reddit.com/r/HongKong/,"A Subreddit for all things Hong Kong. From Travel, food, events, to local news and politics. ",669335,Unknown,No,No,2025-06-27 15:53:20
China,https://www.reddit.com/r/China/,"A community for discussing China and topics related to it. All viewpoints and opinions are welcome here, but please read the rules in the sidebar before posting.",553185,Unknown,No,No,2025-06-27 13:04:15
linguistics,https://www.reddit.com/r/linguistics/,"This is a community for discussions related to topics and questions about linguistics, the scientific study of human language. For common questions, please refer to the FAQs below. For those looking to deepen their appreciation for linguistics, the reading list is a list of recommended texts on areas of linguistic and language research compiled by resident experts here at Reddit.",361666,Unknown,No,No,2025-06-25 21:55:12
learnspanish,https://www.reddit.com/r/learnspanish/,"The subreddit for anyone interested in Spanish. If you have something to share or a question about the Spanish language, post and we'll help the best we can! Remember to provide enough context, read the sidebar/wiki, and use the search function.",272764,Spanish,Yes,No,2025-06-27 15:25:50
learnspanish,https://www.reddit.com/r/learnspanish/,"The subreddit for anyone interested in Spanish. If you have something to share or a question about the Spanish language, post and we'll help the best we can! Remember to provide enough context, read the sidebar/wiki, and use the search function.",272764,Spanish,Yes,No,2025-06-27 15:25:50
learnspanish,https://www.reddit.com/r/learnspanish/,"The subreddit for anyone interested in Spanish. If you have something to share or a question about the Spanish language, post and we'll help the best we can! Remember to provide enough context, read the sidebar/wiki, and use the search function.",272764,Spanish,Yes,No,2025-06-27 15:25:50
learnspanish,https://www.reddit.com/r/learnspanish/,"The subreddit for anyone interested in Spanish. If you have something to share or a question about the Spanish language, post and we'll help the best we can! Remember to provide enough context, read the sidebar/wiki, and use the search function.",272764,Spanish,Yes,No,2025-06-27 15:25:50
learnspanish,https://www.reddit.com/r/learnspanish/,"The subreddit for anyone interested in Spanish. If you have something to share or a question about the Spanish language, post and we'll help the best we can! Remember to provide enough context, read the sidebar/wiki, and use the search function.",272764,Spanish,Yes,No,2025-06-27 15:25:50
learnspanish,https://www.reddit.com/r/learnspanish/,"The subreddit for anyone interested in Spanish. If you have something to share or a question about the Spanish language, post and we'll help the best we can! Remember to provide enough context, read the sidebar/wiki, and use the search function.",272764,Spanish,Yes,No,2025-06-27 15:25:50
learnspanish,https://www.reddit.com/r/learnspanish/,"The subreddit for anyone interested in Spanish. If you have something to share or a question about the Spanish language, post and we'll help the best we can! Remember to provide enough context, read the sidebar/wiki, and use the search function.",272764,Spanish,Yes,No,2025-06-27 15:25:50
learnspanish,https://www.reddit.com/r/learnspanish/,"The subreddit for anyone interested in Spanish. If you have something to share or a question about the Spanish language, post and we'll help the best we can! Remember to provide enough context, read the sidebar/wiki, and use the search function.",272764,Spanish,Yes,No,2025-06-27 15:25:50
learnspanish,https://www.reddit.com/r/learnspanish/,"The subreddit for anyone interested in Spanish. If you have something to share or a question about the Spanish language, post and we'll help the best we can! Remember to provide enough context, read the sidebar/wiki, and use the search function.",272764,Spanish,Yes,No,2025-06-27 15:25:50
learnspanish,https://www.reddit.com/r/learnspanish/,"The subreddit for anyone interested in Spanish. If you have something to share or a question about the Spanish language, post and we'll help the best we can! Remember to provide enough context, read the sidebar/wiki, and use the search function.",272764,Spanish,Yes,No,2025-06-27 15:25:50
learnspanish,https://www.reddit.com/r/learnspanish/,"The subreddit for anyone interested in Spanish. If you have something to share or a question about the Spanish language, post and we'll help the best we can! Remember to provide enough context, read the sidebar/wiki, and use the search function.",272764,Spanish,Yes,No,2025-06-27 15:25:50
learnspanish,https://www.reddit.com/r/learnspanish/,"The subreddit for anyone interested in Spanish. If you have something to share or a question about the Spanish language, post and we'll help the best we can! Remember to provide enough context, read the sidebar/wiki, and use the search function.",272764,Spanish,Yes,No,2025-06-27 15:25:50
learnspanish,https://www.reddit.com/r/learnspanish/,"The subreddit for anyone interested in Spanish. If you have something to share or a question about the Spanish language, post and we'll help the best we can! Remember to provide enough context, read the sidebar/wiki, and use the search function.",272764,Spanish,Yes,No,2025-06-27 15:25:50
learnspanish,https://www.reddit.com/r/learnspanish/,"The subreddit for anyone interested in Spanish. If you have something to share or a question about the Spanish language, post and we'll help the best we can! Remember to provide enough context, read the sidebar/wiki, and use the search function.",272764,Spanish,Yes,No,2025-06-27 15:25:50
learnspanish,https://www.reddit.com/r/learnspanish/,"The subreddit for anyone interested in Spanish. If you have something to share or a question about the Spanish language, post and we'll help the best we can! Remember to provide enough context, read the sidebar/wiki, and use the search function.",272764,Spanish,Yes,No,2025-06-27 15:25:50
learnspanish,https://www.reddit.com/r/learnspanish/,"The subreddit for anyone interested in Spanish. If you have something to share or a question about the Spanish language, post and we'll help the best we can! Remember to provide enough context, read the sidebar/wiki, and use the search function.",272764,Spanish,Yes,No,2025-06-27 15:25:50
learnspanish,https://www.reddit.com/r/learnspanish/,"The subreddit for anyone interested in Spanish. If you have something to share or a question about the Spanish language, post and we'll help the best we can! Remember to provide enough context, read the sidebar/wiki, and use the search function.",272764,Spanish,Yes,No,2025-06-27 15:25:50
learnspanish,https://www.reddit.com/r/learnspanish/,"The subreddit for anyone interested in Spanish. If you have something to share or a question about the Spanish language, post and we'll help the best we can! Remember to provide enough context, read the sidebar/wiki, and use the search function.",272764,Spanish,Yes,No,2025-06-27 15:25:50
learnspanish,https://www.reddit.com/r/learnspanish/,"The subreddit for anyone interested in Spanish. If you have something to share or a question about the Spanish language, post and we'll help the best we can! Remember to provide enough context, read the sidebar/wiki, and use the search function.",272764,Spanish,Yes,No,2025-06-27 15:25:50
learnspanish,https://www.reddit.com/r/learnspanish/,"The subreddit for anyone interested in Spanish. If you have something to share or a question about the Spanish language, post and we'll help the best we can! Remember to provide enough context, read the sidebar/wiki, and use the search function.",272764,Spanish,Yes,No,2025-06-27 15:25:50
ChineseLanguage,https://www.reddit.com/r/ChineseLanguage/,"This is a community for people studying or teaching Chinese - or even if you're just interested in Chinese languages. Discussion of all Chinese languages/dialects is welcome!


Please post interesting links, language learning advice, or questions!",263716,Chinese,Yes,No,2025-06-27 15:30:19
ChineseLanguage,https://www.reddit.com/r/ChineseLanguage/,"This is a community for people studying or teaching Chinese - or even if you're just interested in Chinese languages. Discussion of all Chinese languages/dialects is welcome!


Please post interesting links, language learning advice, or questions!",263716,Chinese,Yes,No,2025-06-27 15:30:19
ChineseLanguage,https://www.reddit.com/r/ChineseLanguage/,"This is a community for people studying or teaching Chinese - or even if you're just interested in Chinese languages. Discussion of all Chinese languages/dialects is welcome!


Please post interesting links, language learning advice, or questions!",263716,Chinese,Yes,No,2025-06-27 15:30:19
ChineseLanguage,https://www.reddit.com/r/ChineseLanguage/,"This is a community for people studying or teaching Chinese - or even if you're just interested in Chinese languages. Discussion of all Chinese languages/dialects is welcome!


Please post interesting links, language learning advice, or questions!",263716,Chinese,Yes,No,2025-06-27 15:30:19
ChineseLanguage,https://www.reddit.com/r/ChineseLanguage/,"This is a community for people studying or teaching Chinese - or even if you're just interested in Chinese languages. Discussion of all Chinese languages/dialects is welcome!


Please post interesting links, language learning advice, or questions!",263716,Chinese,Yes,No,2025-06-27 15:30:19
ChineseLanguage,https://www.reddit.com/r/ChineseLanguage/,"This is a community for people studying or teaching Chinese - or even if you're just interested in Chinese languages. Discussion of all Chinese languages/dialects is welcome!


Please post interesting links, language learning advice, or questions!",263716,Chinese,Yes,No,2025-06-27 15:30:19
ChineseLanguage,https://www.reddit.com/r/ChineseLanguage/,"This is a community for people studying or teaching Chinese - or even if you're just interested in Chinese languages. Discussion of all Chinese languages/dialects is welcome!


Please post interesting links, language learning advice, or questions!",263716,Chinese,Yes,No,2025-06-27 15:30:19
ChineseLanguage,https://www.reddit.com/r/ChineseLanguage/,"This is a community for people studying or teaching Chinese - or even if you're just interested in Chinese languages. Discussion of all Chinese languages/dialects is welcome!


Please post interesting links, language learning advice, or questions!",263716,Chinese,Yes,No,2025-06-27 15:30:19
ChineseLanguage,https://www.reddit.com/r/ChineseLanguage/,"This is a community for people studying or teaching Chinese - or even if you're just interested in Chinese languages. Discussion of all Chinese languages/dialects is welcome!


Please post interesting links, language learning advice, or questions!",263715,Chinese,Yes,No,2025-06-27 15:30:19
Korean,https://www.reddit.com/r/Korean/,"We're here to learn, study, and practice the Korean language.",231616,Korean,Yes,No,2025-06-27 15:03:44
Korean,https://www.reddit.com/r/Korean/,"We're here to learn, study, and practice the Korean language.",231616,Korean,Yes,No,2025-06-27 15:03:44
Korean,https://www.reddit.com/r/Korean/,"We're here to learn, study, and practice the Korean language.",231616,Korean,Yes,No,2025-06-27 15:03:44
Korean,https://www.reddit.com/r/Korean/,"We're here to learn, study, and practice the Korean language.",231616,Korean,Yes,No,2025-06-27 15:03:44
Korean,https://www.reddit.com/r/Korean/,"We're here to learn, study, and practice the Korean language.",231616,Korean,Yes,No,2025-06-27 15:03:44
Korean,https://www.reddit.com/r/Korean/,"We're here to learn, study, and practice the Korean language.",231616,Korean,Yes,No,2025-06-27 15:03:44
Korean,https://www.reddit.com/r/Korean/,"We're here to learn, study, and practice the Korean language.",231616,Korean,Yes,No,2025-06-27 15:03:44
Korean,https://www.reddit.com/r/Korean/,"We're here to learn, study, and practice the Korean language.",231616,Korean,Yes,No,2025-06-27 15:03:44
Korean,https://www.reddit.com/r/Korean/,"We're here to learn, study, and practice the Korean language.",231616,Korean,Yes,No,2025-06-27 15:03:44
Korean,https://www.reddit.com/r/Korean/,"We're here to learn, study, and practice the Korean language.",231616,Korean,Yes,No,2025-06-27 15:03:44
Korean,https://www.reddit.com/r/Korean/,"We're here to learn, study, and practice the Korean language.",231616,Korean,Yes,No,2025-06-27 15:03:44
Korean,https://www.reddit.com/r/Korean/,"We're here to learn, study, and practice the Korean language.",231616,Korean,Yes,No,2025-06-27 15:03:44
Korean,https://www.reddit.com/r/Korean/,"We're here to learn, study, and practice the Korean language.",231616,Korean,Yes,No,2025-06-27 15:03:44
Korean,https://www.reddit.com/r/Korean/,"We're here to learn, study, and practice the Korean language.",231616,Korean,Yes,No,2025-06-27 15:03:44
Korean,https://www.reddit.com/r/Korean/,"We're here to learn, study, and practice the Korean language.",231616,Korean,Yes,No,2025-06-27 15:03:44
Korean,https://www.reddit.com/r/Korean/,"We're here to learn, study, and practice the Korean language.",231616,Korean,Yes,No,2025-06-27 15:03:44
Korean,https://www.reddit.com/r/Korean/,"We're here to learn, study, and practice the Korean language.",231616,Korean,Yes,No,2025-06-27 15:03:44
Korean,https://www.reddit.com/r/Korean/,"We're here to learn, study, and practice the Korean language.",231616,Korean,Yes,No,2025-06-27 15:03:44
Korean,https://www.reddit.com/r/Korean/,"We're here to learn, study, and practice the Korean language.",231616,Korean,Yes,No,2025-06-27 15:03:44
Korean,https://www.reddit.com/r/Korean/,"We're here to learn, study, and practice the Korean language.",231616,Korean,Yes,No,2025-06-27 15:03:44
language_exchange,https://www.reddit.com/r/language_exchange/,"Teach your language, learn a new one: Free language exchange worldwide.",189178,Unknown,Yes,No,2025-06-27 15:48:03
Manhua,https://www.reddit.com/r/Manhua/,"The #1 place for manhua on reddit. Whether it be from mainland China, Taiwan, or Hong Kong, all Chinese comics are welcomed here. Discuss and share all your favorite manhua whether it be a physical comic, web manhua, webcomic, or webtoon, anything is welcomed.",166711,Chinese,No,No,2025-06-27 15:07:12
Skookum,https://www.reddit.com/r/Skookum/,"A place where people come to learn, or teach.    
 
(Or have a chuckle out in the shop)

NSFW: inappropriate adult language!",144776,Unknown,No,No,2025-06-25 19:07:41
Skookum,https://www.reddit.com/r/Skookum/,"A place where people come to learn, or teach.    
 
(Or have a chuckle out in the shop)

NSFW: inappropriate adult language!",144776,Unknown,No,No,2025-06-25 19:07:41
Skookum,https://www.reddit.com/r/Skookum/,"A place where people come to learn, or teach.    
 
(Or have a chuckle out in the shop)

NSFW: inappropriate adult language!",144776,Unknown,No,No,2025-06-25 19:07:41
Skookum,https://www.reddit.com/r/Skookum/,"A place where people come to learn, or teach.    
 
(Or have a chuckle out in the shop)

NSFW: inappropriate adult language!",144776,Unknown,No,No,2025-06-25 19:07:41
Skookum,https://www.reddit.com/r/Skookum/,"A place where people come to learn, or teach.    
 
(Or have a chuckle out in the shop)

NSFW: inappropriate adult language!",144776,Unknown,No,No,2025-06-25 19:07:41
Skookum,https://www.reddit.com/r/Skookum/,"A place where people come to learn, or teach.    
 
(Or have a chuckle out in the shop)

NSFW: inappropriate adult language!",144776,Unknown,No,No,2025-06-25 19:07:41
Skookum,https://www.reddit.com/r/Skookum/,"A place where people come to learn, or teach.    
 
(Or have a chuckle out in the shop)

NSFW: inappropriate adult language!",144776,Unknown,No,No,2025-06-25 19:07:41
Skookum,https://www.reddit.com/r/Skookum/,"A place where people come to learn, or teach.    
 
(Or have a chuckle out in the shop)

NSFW: inappropriate adult language!",144776,Unknown,No,No,2025-06-25 19:07:41
Skookum,https://www.reddit.com/r/Skookum/,"A place where people come to learn, or teach.    
 
(Or have a chuckle out in the shop)

NSFW: inappropriate adult language!",144776,Unknown,No,No,2025-06-25 19:07:41
Skookum,https://www.reddit.com/r/Skookum/,"A place where people come to learn, or teach.    
 
(Or have a chuckle out in the shop)

NSFW: inappropriate adult language!",144776,Unknown,No,No,2025-06-25 19:07:41
Skookum,https://www.reddit.com/r/Skookum/,"A place where people come to learn, or teach.    
 
(Or have a chuckle out in the shop)

NSFW: inappropriate adult language!",144776,Unknown,No,No,2025-06-25 19:07:41
Skookum,https://www.reddit.com/r/Skookum/,"A place where people come to learn, or teach.    
 
(Or have a chuckle out in the shop)

NSFW: inappropriate adult language!",144776,Unknown,No,No,2025-06-25 19:07:41
Skookum,https://www.reddit.com/r/Skookum/,"A place where people come to learn, or teach.    
 
(Or have a chuckle out in the shop)

NSFW: inappropriate adult language!",144776,Unknown,No,No,2025-06-25 19:07:41
Skookum,https://www.reddit.com/r/Skookum/,"A place where people come to learn, or teach.    
 
(Or have a chuckle out in the shop)

NSFW: inappropriate adult language!",144776,Unknown,No,No,2025-06-25 19:07:41
Skookum,https://www.reddit.com/r/Skookum/,"A place where people come to learn, or teach.    
 
(Or have a chuckle out in the shop)

NSFW: inappropriate adult language!",144776,Unknown,No,No,2025-06-25 19:07:41
Skookum,https://www.reddit.com/r/Skookum/,"A place where people come to learn, or teach.    
 
(Or have a chuckle out in the shop)

NSFW: inappropriate adult language!",144776,Unknown,No,No,2025-06-25 19:07:41
Skookum,https://www.reddit.com/r/Skookum/,"A place where people come to learn, or teach.    
 
(Or have a chuckle out in the shop)

NSFW: inappropriate adult language!",144776,Unknown,No,No,2025-06-25 19:07:41
Skookum,https://www.reddit.com/r/Skookum/,"A place where people come to learn, or teach.    
 
(Or have a chuckle out in the shop)

NSFW: inappropriate adult language!",144776,Unknown,No,No,2025-06-25 19:07:41
Skookum,https://www.reddit.com/r/Skookum/,"A place where people come to learn, or teach.    
 
(Or have a chuckle out in the shop)

NSFW: inappropriate adult language!",144776,Unknown,No,No,2025-06-25 19:07:41
japanese,https://www.reddit.com/r/japanese/,"A subreddit for discovering the people, language, and culture of Japan.",133095,Unknown,No,No,2025-06-27 15:22:49
japanese,https://www.reddit.com/r/japanese/,"A subreddit for discovering the people, language, and culture of Japan.",133095,Unknown,No,No,2025-06-27 15:22:49
japanese,https://www.reddit.com/r/japanese/,"A subreddit for discovering the people, language, and culture of Japan.",133095,Unknown,No,No,2025-06-27 15:22:49
japanese,https://www.reddit.com/r/japanese/,"A subreddit for discovering the people, language, and culture of Japan.",133095,Unknown,No,No,2025-06-27 15:22:49
japanese,https://www.reddit.com/r/japanese/,"A subreddit for discovering the people, language, and culture of Japan.",133095,Unknown,No,No,2025-06-27 15:22:49
japanese,https://www.reddit.com/r/japanese/,"A subreddit for discovering the people, language, and culture of Japan.",133095,Unknown,No,No,2025-06-27 15:22:49
japanese,https://www.reddit.com/r/japanese/,"A subreddit for discovering the people, language, and culture of Japan.",133095,Unknown,No,No,2025-06-27 15:22:49
japanese,https://www.reddit.com/r/japanese/,"A subreddit for discovering the people, language, and culture of Japan.",133095,Unknown,No,No,2025-06-27 15:22:49
japanese,https://www.reddit.com/r/japanese/,"A subreddit for discovering the people, language, and culture of Japan.",133095,Unknown,No,No,2025-06-27 15:22:49
japanese,https://www.reddit.com/r/japanese/,"A subreddit for discovering the people, language, and culture of Japan.",133095,Unknown,No,No,2025-06-27 15:22:49
japanese,https://www.reddit.com/r/japanese/,"A subreddit for discovering the people, language, and culture of Japan.",133095,Unknown,No,No,2025-06-27 15:22:49
japanese,https://www.reddit.com/r/japanese/,"A subreddit for discovering the people, language, and culture of Japan.",133095,Unknown,No,No,2025-06-27 15:22:49
japanese,https://www.reddit.com/r/japanese/,"A subreddit for discovering the people, language, and culture of Japan.",133095,Unknown,No,No,2025-06-27 15:22:49
japanese,https://www.reddit.com/r/japanese/,"A subreddit for discovering the people, language, and culture of Japan.",133095,Unknown,No,No,2025-06-27 15:22:49
japanese,https://www.reddit.com/r/japanese/,"A subreddit for discovering the people, language, and culture of Japan.",133095,Unknown,No,No,2025-06-27 15:22:49
japanese,https://www.reddit.com/r/japanese/,"A subreddit for discovering the people, language, and culture of Japan.",133095,Unknown,No,No,2025-06-27 15:22:49
japanese,https://www.reddit.com/r/japanese/,"A subreddit for discovering the people, language, and culture of Japan.",133095,Unknown,No,No,2025-06-27 15:22:49
japanese,https://www.reddit.com/r/japanese/,"A subreddit for discovering the people, language, and culture of Japan.",133095,Unknown,No,No,2025-06-27 15:22:49
Sino,https://www.reddit.com/r/Sino/,"r/Sino is a subreddit for news, information, and discussion on anything China and Chinese related. Read the rules before posting. Some submissions may need manual approval.",108163,Chinese,No,No,2025-06-27 13:40:52
languagelearningjerk,https://www.reddit.com/r/languagelearningjerk/,how lern languge fast????,89329,Unknown,Yes,No,2025-06-27 14:38:16
languagelearningjerk,https://www.reddit.com/r/languagelearningjerk/,how lern languge fast????,89329,Unknown,Yes,No,2025-06-27 14:38:16
languagelearningjerk,https://www.reddit.com/r/languagelearningjerk/,how lern languge fast????,89329,Unknown,Yes,No,2025-06-27 14:38:16
languagelearningjerk,https://www.reddit.com/r/languagelearningjerk/,how lern languge fast????,89329,Unknown,Yes,No,2025-06-27 14:38:16
languagelearningjerk,https://www.reddit.com/r/languagelearningjerk/,how lern languge fast????,89329,Unknown,Yes,No,2025-06-27 14:38:16
languagelearningjerk,https://www.reddit.com/r/languagelearningjerk/,how lern languge fast????,89329,Unknown,Yes,No,2025-06-27 14:38:16
languagelearningjerk,https://www.reddit.com/r/languagelearningjerk/,how lern languge fast????,89329,Unknown,Yes,No,2025-06-27 14:38:16
languagelearningjerk,https://www.reddit.com/r/languagelearningjerk/,how lern languge fast????,89329,Unknown,Yes,No,2025-06-27 14:38:16
languagelearningjerk,https://www.reddit.com/r/languagelearningjerk/,how lern languge fast????,89329,Unknown,Yes,No,2025-06-27 14:38:16
languagelearningjerk,https://www.reddit.com/r/languagelearningjerk/,how lern languge fast????,89329,Unknown,Yes,No,2025-06-27 14:38:16
languagelearningjerk,https://www.reddit.com/r/languagelearningjerk/,how lern languge fast????,89328,Unknown,Yes,No,2025-06-27 14:38:16
languagelearningjerk,https://www.reddit.com/r/languagelearningjerk/,how lern languge fast????,89328,Unknown,Yes,No,2025-06-27 14:38:16
languagelearningjerk,https://www.reddit.com/r/languagelearningjerk/,how lern languge fast????,89328,Unknown,Yes,No,2025-06-27 14:38:16
languagelearningjerk,https://www.reddit.com/r/languagelearningjerk/,how lern languge fast????,89328,Unknown,Yes,No,2025-06-27 14:38:16
languagelearningjerk,https://www.reddit.com/r/languagelearningjerk/,how lern languge fast????,89328,Unknown,Yes,No,2025-06-27 14:38:16
languagelearningjerk,https://www.reddit.com/r/languagelearningjerk/,how lern languge fast????,89328,Unknown,Yes,No,2025-06-27 14:38:16
languagelearningjerk,https://www.reddit.com/r/languagelearningjerk/,how lern languge fast????,89328,Unknown,Yes,No,2025-06-27 14:38:16
languagelearningjerk,https://www.reddit.com/r/languagelearningjerk/,how lern languge fast????,89328,Unknown,Yes,No,2025-06-27 14:38:16
languagelearningjerk,https://www.reddit.com/r/languagelearningjerk/,how lern languge fast????,89328,Unknown,Yes,No,2025-06-27 14:38:16
languagelearningjerk,https://www.reddit.com/r/languagelearningjerk/,how lern languge fast????,89328,Unknown,Yes,No,2025-06-27 14:38:16
badlinguistics,https://www.reddit.com/r/badlinguistics/,"We've gone private to protest Reddit's proposed changes to the API. Don't request access. We aren't here. If you request access, we'll assume you don't read subreddit information and ban you.

For more information about the protest, see r/Save3rdPartyApps",86355,Unknown,No,No,2025-06-26 22:38:10
asianamerican,https://www.reddit.com/r/asianamerican/,"/r/asianamerican is an Asian American and Pacific Islander (AAPI) focused subreddit. We welcome any folks from the Asian diaspora--not just American--as well as anyone who identifies with the label 'Asian,' regardless of immigration history. The goal is to offer a positive, affirming space to share experiences of being AAPI for anyone seeking this community. 

Memes, news, life advice, humor, and pop culture references are highly encouraged.",82664,Unknown,No,No,2025-06-27 16:01:06
Svenska,https://www.reddit.com/r/Svenska/,"Learn more Swedish, and more about Swedish! Open to learners and natives alike.

*Please read the rules and the FAQ before posting!*",67214,Swedish,No,No,2025-06-27 09:58:56
Svenska,https://www.reddit.com/r/Svenska/,"Learn more Swedish, and more about Swedish! Open to learners and natives alike.

*Please read the rules and the FAQ before posting!*",67214,Swedish,No,No,2025-06-27 09:58:56
Svenska,https://www.reddit.com/r/Svenska/,"Learn more Swedish, and more about Swedish! Open to learners and natives alike.

*Please read the rules and the FAQ before posting!*",67214,Swedish,No,No,2025-06-27 09:58:56
Svenska,https://www.reddit.com/r/Svenska/,"Learn more Swedish, and more about Swedish! Open to learners and natives alike.

*Please read the rules and the FAQ before posting!*",67214,Swedish,No,No,2025-06-27 09:58:56
Svenska,https://www.reddit.com/r/Svenska/,"Learn more Swedish, and more about Swedish! Open to learners and natives alike.

*Please read the rules and the FAQ before posting!*",67214,Swedish,No,No,2025-06-27 09:58:56
Svenska,https://www.reddit.com/r/Svenska/,"Learn more Swedish, and more about Swedish! Open to learners and natives alike.

*Please read the rules and the FAQ before posting!*",67214,Swedish,No,No,2025-06-27 09:58:56
Svenska,https://www.reddit.com/r/Svenska/,"Learn more Swedish, and more about Swedish! Open to learners and natives alike.

*Please read the rules and the FAQ before posting!*",67214,Swedish,No,No,2025-06-27 09:58:56
Svenska,https://www.reddit.com/r/Svenska/,"Learn more Swedish, and more about Swedish! Open to learners and natives alike.

*Please read the rules and the FAQ before posting!*",67214,Swedish,No,No,2025-06-27 09:58:56
Svenska,https://www.reddit.com/r/Svenska/,"Learn more Swedish, and more about Swedish! Open to learners and natives alike.

*Please read the rules and the FAQ before posting!*",67214,Swedish,No,No,2025-06-27 09:58:56
Svenska,https://www.reddit.com/r/Svenska/,"Learn more Swedish, and more about Swedish! Open to learners and natives alike.

*Please read the rules and the FAQ before posting!*",67214,Swedish,No,No,2025-06-27 09:58:56
Svenska,https://www.reddit.com/r/Svenska/,"Learn more Swedish, and more about Swedish! Open to learners and natives alike.

*Please read the rules and the FAQ before posting!*",67214,Swedish,No,No,2025-06-27 09:58:56
Svenska,https://www.reddit.com/r/Svenska/,"Learn more Swedish, and more about Swedish! Open to learners and natives alike.

*Please read the rules and the FAQ before posting!*",67214,Swedish,No,No,2025-06-27 09:58:56
Svenska,https://www.reddit.com/r/Svenska/,"Learn more Swedish, and more about Swedish! Open to learners and natives alike.

*Please read the rules and the FAQ before posting!*",67214,Swedish,No,No,2025-06-27 09:58:56
Svenska,https://www.reddit.com/r/Svenska/,"Learn more Swedish, and more about Swedish! Open to learners and natives alike.

*Please read the rules and the FAQ before posting!*",67214,Swedish,No,No,2025-06-27 09:58:56
Svenska,https://www.reddit.com/r/Svenska/,"Learn more Swedish, and more about Swedish! Open to learners and natives alike.

*Please read the rules and the FAQ before posting!*",67214,Swedish,No,No,2025-06-27 09:58:56
Svenska,https://www.reddit.com/r/Svenska/,"Learn more Swedish, and more about Swedish! Open to learners and natives alike.

*Please read the rules and the FAQ before posting!*",67214,Swedish,No,No,2025-06-27 09:58:56
Svenska,https://www.reddit.com/r/Svenska/,"Learn more Swedish, and more about Swedish! Open to learners and natives alike.

*Please read the rules and the FAQ before posting!*",67214,Swedish,No,No,2025-06-27 09:58:56
Svenska,https://www.reddit.com/r/Svenska/,"Learn more Swedish, and more about Swedish! Open to learners and natives alike.

*Please read the rules and the FAQ before posting!*",67214,Swedish,No,No,2025-06-27 09:58:56
Japaneselanguage,https://www.reddit.com/r/Japaneselanguage/,This is a subreddit for people learning the Japanese language. A Place where I Hope you can feel welcome and learn something!!!,63702,Japanese,Yes,No,2025-06-27 14:39:26
Japaneselanguage,https://www.reddit.com/r/Japaneselanguage/,This is a subreddit for people learning the Japanese language. A Place where I Hope you can feel welcome and learn something!!!,63702,Japanese,Yes,No,2025-06-27 14:39:26
Japaneselanguage,https://www.reddit.com/r/Japaneselanguage/,This is a subreddit for people learning the Japanese language. A Place where I Hope you can feel welcome and learn something!!!,63702,Japanese,Yes,No,2025-06-27 14:39:26
Japaneselanguage,https://www.reddit.com/r/Japaneselanguage/,This is a subreddit for people learning the Japanese language. A Place where I Hope you can feel welcome and learn something!!!,63702,Japanese,Yes,No,2025-06-27 14:39:26
Japaneselanguage,https://www.reddit.com/r/Japaneselanguage/,This is a subreddit for people learning the Japanese language. A Place where I Hope you can feel welcome and learn something!!!,63702,Japanese,Yes,No,2025-06-27 14:39:26
Japaneselanguage,https://www.reddit.com/r/Japaneselanguage/,This is a subreddit for people learning the Japanese language. A Place where I Hope you can feel welcome and learn something!!!,63702,Japanese,Yes,No,2025-06-27 14:39:26
Japaneselanguage,https://www.reddit.com/r/Japaneselanguage/,This is a subreddit for people learning the Japanese language. A Place where I Hope you can feel welcome and learn something!!!,63702,Japanese,Yes,No,2025-06-27 14:39:26
Japaneselanguage,https://www.reddit.com/r/Japaneselanguage/,This is a subreddit for people learning the Japanese language. A Place where I Hope you can feel welcome and learn something!!!,63702,Japanese,Yes,No,2025-06-27 14:39:26
Japaneselanguage,https://www.reddit.com/r/Japaneselanguage/,This is a subreddit for people learning the Japanese language. A Place where I Hope you can feel welcome and learn something!!!,63702,Japanese,Yes,No,2025-06-27 14:39:26
Japaneselanguage,https://www.reddit.com/r/Japaneselanguage/,This is a subreddit for people learning the Japanese language. A Place where I Hope you can feel welcome and learn something!!!,63702,Japanese,Yes,No,2025-06-27 14:39:26
Japaneselanguage,https://www.reddit.com/r/Japaneselanguage/,This is a subreddit for people learning the Japanese language. A Place where I Hope you can feel welcome and learn something!!!,63701,Japanese,Yes,No,2025-06-27 14:39:26
Japaneselanguage,https://www.reddit.com/r/Japaneselanguage/,This is a subreddit for people learning the Japanese language. A Place where I Hope you can feel welcome and learn something!!!,63701,Japanese,Yes,No,2025-06-27 14:39:26
Japaneselanguage,https://www.reddit.com/r/Japaneselanguage/,This is a subreddit for people learning the Japanese language. A Place where I Hope you can feel welcome and learn something!!!,63701,Japanese,Yes,No,2025-06-27 14:39:26
Japaneselanguage,https://www.reddit.com/r/Japaneselanguage/,This is a subreddit for people learning the Japanese language. A Place where I Hope you can feel welcome and learn something!!!,63701,Japanese,Yes,No,2025-06-27 14:39:26
Japaneselanguage,https://www.reddit.com/r/Japaneselanguage/,This is a subreddit for people learning the Japanese language. A Place where I Hope you can feel welcome and learn something!!!,63701,Japanese,Yes,No,2025-06-27 14:39:26
Japaneselanguage,https://www.reddit.com/r/Japaneselanguage/,This is a subreddit for people learning the Japanese language. A Place where I Hope you can feel welcome and learn something!!!,63701,Japanese,Yes,No,2025-06-27 14:39:26
Japaneselanguage,https://www.reddit.com/r/Japaneselanguage/,This is a subreddit for people learning the Japanese language. A Place where I Hope you can feel welcome and learn something!!!,63701,Japanese,Yes,No,2025-06-27 14:39:26
LanguageTechnology,https://www.reddit.com/r/LanguageTechnology/,"This sub will focus on theory, careers, and applications of NLP (Natural Language Processing), which includes anything from Regex & Text Analytics to Transformers & LLMs.",56730,Unknown,Yes,No,2025-06-26 19:04:56
Chinese,https://www.reddit.com/r/Chinese/,/r/Chinese - For Chinese culture enthusiasts to share and learn more about 中国文化 !  Come learn more about China!,51769,Chinese,No,No,2025-06-27 16:07:11
Chinese,https://www.reddit.com/r/Chinese/,/r/Chinese - For Chinese culture enthusiasts to share and learn more about 中国文化 !  Come learn more about China!,51769,Chinese,No,No,2025-06-27 16:07:11
Cantonese,https://www.reddit.com/r/Cantonese/,"你好! We are a community of learners, native speakers, and friends who share a passion for all things Cantonese. We are dedicated to share resources and promote the Cantonese language, cuisine, and culture! 呢度都歡迎用廣東話呀！


In the spirit of sharing and learning, please keep discussions civil and constructive. We have established some basic rules and they will be updated as needed. Comments and posts that fail to adhere to the rules will be removed. Repeat offenders may be banned.",48889,Cantonese,No,No,2025-06-27 08:14:20
Cantonese,https://www.reddit.com/r/Cantonese/,"你好! We are a community of learners, native speakers, and friends who share a passion for all things Cantonese. We are dedicated to share resources and promote the Cantonese language, cuisine, and culture! 呢度都歡迎用廣東話呀！


In the spirit of sharing and learning, please keep discussions civil and constructive. We have established some basic rules and they will be updated as needed. Comments and posts that fail to adhere to the rules will be removed. Repeat offenders may be banned.",48889,Cantonese,No,No,2025-06-27 08:14:20
LearnFinnish,https://www.reddit.com/r/LearnFinnish/,For people who are learning or want to learn the Finnish language.,37942,Finnish,Yes,No,2025-06-27 14:35:45
LearnFinnish,https://www.reddit.com/r/LearnFinnish/,For people who are learning or want to learn the Finnish language.,37942,Finnish,Yes,No,2025-06-27 14:35:45
LearnFinnish,https://www.reddit.com/r/LearnFinnish/,For people who are learning or want to learn the Finnish language.,37942,Finnish,Yes,No,2025-06-27 14:35:45
LearnFinnish,https://www.reddit.com/r/LearnFinnish/,For people who are learning or want to learn the Finnish language.,37942,Finnish,Yes,No,2025-06-27 14:35:45
LearnFinnish,https://www.reddit.com/r/LearnFinnish/,For people who are learning or want to learn the Finnish language.,37942,Finnish,Yes,No,2025-06-27 14:35:45
LearnFinnish,https://www.reddit.com/r/LearnFinnish/,For people who are learning or want to learn the Finnish language.,37942,Finnish,Yes,No,2025-06-27 14:35:45
LearnFinnish,https://www.reddit.com/r/LearnFinnish/,For people who are learning or want to learn the Finnish language.,37942,Finnish,Yes,No,2025-06-27 14:35:45
LearnFinnish,https://www.reddit.com/r/LearnFinnish/,For people who are learning or want to learn the Finnish language.,37942,Finnish,Yes,No,2025-06-27 14:35:45
LearnFinnish,https://www.reddit.com/r/LearnFinnish/,For people who are learning or want to learn the Finnish language.,37942,Finnish,Yes,No,2025-06-27 14:35:45
LearnFinnish,https://www.reddit.com/r/LearnFinnish/,For people who are learning or want to learn the Finnish language.,37942,Finnish,Yes,No,2025-06-27 14:35:45
LearnFinnish,https://www.reddit.com/r/LearnFinnish/,For people who are learning or want to learn the Finnish language.,37942,Finnish,Yes,No,2025-06-27 14:35:45
LearnFinnish,https://www.reddit.com/r/LearnFinnish/,For people who are learning or want to learn the Finnish language.,37942,Finnish,Yes,No,2025-06-27 14:35:45
LearnFinnish,https://www.reddit.com/r/LearnFinnish/,For people who are learning or want to learn the Finnish language.,37942,Finnish,Yes,No,2025-06-27 14:35:45
LearnFinnish,https://www.reddit.com/r/LearnFinnish/,For people who are learning or want to learn the Finnish language.,37942,Finnish,Yes,No,2025-06-27 14:35:45
LearnFinnish,https://www.reddit.com/r/LearnFinnish/,For people who are learning or want to learn the Finnish language.,37942,Finnish,Yes,No,2025-06-27 14:35:45
LearnFinnish,https://www.reddit.com/r/LearnFinnish/,For people who are learning or want to learn the Finnish language.,37942,Finnish,Yes,No,2025-06-27 14:35:45
LearnFinnish,https://www.reddit.com/r/LearnFinnish/,For people who are learning or want to learn the Finnish language.,37942,Finnish,Yes,No,2025-06-27 14:35:45
LearnFinnish,https://www.reddit.com/r/LearnFinnish/,For people who are learning or want to learn the Finnish language.,37942,Finnish,Yes,No,2025-06-27 14:35:45
elixir,https://www.reddit.com/r/elixir/,"Subreddit for the Elixir programming language, a dynamic, functional language designed for building scalable and maintainable applications. Learn more at https://elixir-lang.org.",35358,Unknown,Yes,No,2025-06-27 15:05:57
elixir,https://www.reddit.com/r/elixir/,"Subreddit for the Elixir programming language, a dynamic, functional language designed for building scalable and maintainable applications. Learn more at https://elixir-lang.org.",35358,Unknown,Yes,No,2025-06-27 15:05:57
elixir,https://www.reddit.com/r/elixir/,"Subreddit for the Elixir programming language, a dynamic, functional language designed for building scalable and maintainable applications. Learn more at https://elixir-lang.org.",35358,Unknown,Yes,No,2025-06-27 15:05:57
elixir,https://www.reddit.com/r/elixir/,"Subreddit for the Elixir programming language, a dynamic, functional language designed for building scalable and maintainable applications. Learn more at https://elixir-lang.org.",35358,Unknown,Yes,No,2025-06-27 15:05:57
elixir,https://www.reddit.com/r/elixir/,"Subreddit for the Elixir programming language, a dynamic, functional language designed for building scalable and maintainable applications. Learn more at https://elixir-lang.org.",35358,Unknown,Yes,No,2025-06-27 15:05:57
elixir,https://www.reddit.com/r/elixir/,"Subreddit for the Elixir programming language, a dynamic, functional language designed for building scalable and maintainable applications. Learn more at https://elixir-lang.org.",35358,Unknown,Yes,No,2025-06-27 15:05:57
elixir,https://www.reddit.com/r/elixir/,"Subreddit for the Elixir programming language, a dynamic, functional language designed for building scalable and maintainable applications. Learn more at https://elixir-lang.org.",35358,Unknown,Yes,No,2025-06-27 15:05:57
bahasamelayu,https://www.reddit.com/r/bahasamelayu/,Learn and discuss the Malay Language,28332,Malay,No,No,2025-06-26 22:23:51
bahasamelayu,https://www.reddit.com/r/bahasamelayu/,Learn and discuss the Malay Language,28332,Malay,No,No,2025-06-26 22:23:51
bahasamelayu,https://www.reddit.com/r/bahasamelayu/,Learn and discuss the Malay Language,28332,Malay,No,No,2025-06-26 22:23:51
bahasamelayu,https://www.reddit.com/r/bahasamelayu/,Learn and discuss the Malay Language,28332,Malay,No,No,2025-06-26 22:23:51
bahasamelayu,https://www.reddit.com/r/bahasamelayu/,Learn and discuss the Malay Language,28332,Malay,No,No,2025-06-26 22:23:51
bahasamelayu,https://www.reddit.com/r/bahasamelayu/,Learn and discuss the Malay Language,28332,Malay,No,No,2025-06-26 22:23:51
bahasamelayu,https://www.reddit.com/r/bahasamelayu/,Learn and discuss the Malay Language,28332,Malay,No,No,2025-06-26 22:23:51
bahasamelayu,https://www.reddit.com/r/bahasamelayu/,Learn and discuss the Malay Language,28332,Malay,No,No,2025-06-26 22:23:51
bahasamelayu,https://www.reddit.com/r/bahasamelayu/,Learn and discuss the Malay Language,28332,Malay,No,No,2025-06-26 22:23:51
bahasamelayu,https://www.reddit.com/r/bahasamelayu/,Learn and discuss the Malay Language,28332,Malay,No,No,2025-06-26 22:23:51
bahasamelayu,https://www.reddit.com/r/bahasamelayu/,Learn and discuss the Malay Language,28332,Malay,No,No,2025-06-26 22:23:51
bahasamelayu,https://www.reddit.com/r/bahasamelayu/,Learn and discuss the Malay Language,28332,Malay,No,No,2025-06-26 22:23:51
bahasamelayu,https://www.reddit.com/r/bahasamelayu/,Learn and discuss the Malay Language,28332,Malay,No,No,2025-06-26 22:23:51
bahasamelayu,https://www.reddit.com/r/bahasamelayu/,Learn and discuss the Malay Language,28332,Malay,No,No,2025-06-26 22:23:51
bahasamelayu,https://www.reddit.com/r/bahasamelayu/,Learn and discuss the Malay Language,28332,Malay,No,No,2025-06-26 22:23:51
bahasamelayu,https://www.reddit.com/r/bahasamelayu/,Learn and discuss the Malay Language,28332,Malay,No,No,2025-06-26 22:23:51
bahasamelayu,https://www.reddit.com/r/bahasamelayu/,Learn and discuss the Malay Language,28332,Malay,No,No,2025-06-26 22:23:51
bahasamelayu,https://www.reddit.com/r/bahasamelayu/,Learn and discuss the Malay Language,28332,Malay,No,No,2025-06-26 22:23:51
bahasamelayu,https://www.reddit.com/r/bahasamelayu/,Learn and discuss the Malay Language,28332,Malay,No,No,2025-06-26 22:23:51
learnthai,https://www.reddit.com/r/learnthai/,"A community to help those wishing to learn the Thai language.

Questions about the language and resources to help people learn are welcome.

Please refrain from spamming.",22165,Thai,Yes,No,2025-06-27 13:35:46
danishlanguage,https://www.reddit.com/r/danishlanguage/,"This community is a place where all people interested in learning Danish go! Here you will find and share advice, websites, or articles about the Danish language. ",13444,Danish,Yes,No,2025-06-27 10:22:29
danishlanguage,https://www.reddit.com/r/danishlanguage/,"This community is a place where all people interested in learning Danish go! Here you will find and share advice, websites, or articles about the Danish language. ",13444,Danish,Yes,No,2025-06-27 10:22:29
danishlanguage,https://www.reddit.com/r/danishlanguage/,"This community is a place where all people interested in learning Danish go! Here you will find and share advice, websites, or articles about the Danish language. ",13444,Danish,Yes,No,2025-06-27 10:22:29
danishlanguage,https://www.reddit.com/r/danishlanguage/,"This community is a place where all people interested in learning Danish go! Here you will find and share advice, websites, or articles about the Danish language. ",13444,Danish,Yes,No,2025-06-27 10:22:29
danishlanguage,https://www.reddit.com/r/danishlanguage/,"This community is a place where all people interested in learning Danish go! Here you will find and share advice, websites, or articles about the Danish language. ",13444,Danish,Yes,No,2025-06-27 10:22:29
danishlanguage,https://www.reddit.com/r/danishlanguage/,"This community is a place where all people interested in learning Danish go! Here you will find and share advice, websites, or articles about the Danish language. ",13444,Danish,Yes,No,2025-06-27 10:22:29
danishlanguage,https://www.reddit.com/r/danishlanguage/,"This community is a place where all people interested in learning Danish go! Here you will find and share advice, websites, or articles about the Danish language. ",13444,Danish,Yes,No,2025-06-27 10:22:29
danishlanguage,https://www.reddit.com/r/danishlanguage/,"This community is a place where all people interested in learning Danish go! Here you will find and share advice, websites, or articles about the Danish language. ",13444,Danish,Yes,No,2025-06-27 10:22:29
danishlanguage,https://www.reddit.com/r/danishlanguage/,"This community is a place where all people interested in learning Danish go! Here you will find and share advice, websites, or articles about the Danish language. ",13444,Danish,Yes,No,2025-06-27 10:22:29
danishlanguage,https://www.reddit.com/r/danishlanguage/,"This community is a place where all people interested in learning Danish go! Here you will find and share advice, websites, or articles about the Danish language. ",13444,Danish,Yes,No,2025-06-27 10:22:29
danishlanguage,https://www.reddit.com/r/danishlanguage/,"This community is a place where all people interested in learning Danish go! Here you will find and share advice, websites, or articles about the Danish language. ",13444,Danish,Yes,No,2025-06-27 10:22:29
danishlanguage,https://www.reddit.com/r/danishlanguage/,"This community is a place where all people interested in learning Danish go! Here you will find and share advice, websites, or articles about the Danish language. ",13444,Danish,Yes,No,2025-06-27 10:22:29
danishlanguage,https://www.reddit.com/r/danishlanguage/,"This community is a place where all people interested in learning Danish go! Here you will find and share advice, websites, or articles about the Danish language. ",13444,Danish,Yes,No,2025-06-27 10:22:29
danishlanguage,https://www.reddit.com/r/danishlanguage/,"This community is a place where all people interested in learning Danish go! Here you will find and share advice, websites, or articles about the Danish language. ",13444,Danish,Yes,No,2025-06-27 10:22:29
danishlanguage,https://www.reddit.com/r/danishlanguage/,"This community is a place where all people interested in learning Danish go! Here you will find and share advice, websites, or articles about the Danish language. ",13444,Danish,Yes,No,2025-06-27 10:22:29
danishlanguage,https://www.reddit.com/r/danishlanguage/,"This community is a place where all people interested in learning Danish go! Here you will find and share advice, websites, or articles about the Danish language. ",13444,Danish,Yes,No,2025-06-27 10:22:29
danishlanguage,https://www.reddit.com/r/danishlanguage/,"This community is a place where all people interested in learning Danish go! Here you will find and share advice, websites, or articles about the Danish language. ",13444,Danish,Yes,No,2025-06-27 10:22:29
danishlanguage,https://www.reddit.com/r/danishlanguage/,"This community is a place where all people interested in learning Danish go! Here you will find and share advice, websites, or articles about the Danish language. ",13444,Danish,Yes,No,2025-06-27 10:22:29
danishlanguage,https://www.reddit.com/r/danishlanguage/,"This community is a place where all people interested in learning Danish go! Here you will find and share advice, websites, or articles about the Danish language. ",13444,Danish,Yes,No,2025-06-27 10:22:29
learnchinese,https://www.reddit.com/r/learnchinese/,,12006,Unknown,Yes,No,2024-10-02 13:42:30
learnmandarin,https://www.reddit.com/r/learnmandarin/,"There are a number of other good subs on learning Chinese, so this sub will focus on one aspect of learning Chinese: Tools and Technology for learning Chinese.

Things like 

 *   HelloChinese
 *   Duolingo
 *  TofuLearn
 *  Skritter
 *   Anki

We are looking for Reviews, Recommendations. No ads for your own stuff! We want things that you actually use!

Other Subs for Mandarin:

*    /r/learnchinese
 *   /r/chineselanguage
 *   /r/chinese

So I'd like to focus this one on ways to learn Chinese.",11016,Multiple,Yes,No,2025-06-27 01:55:56
signlanguage,https://www.reddit.com/r/signlanguage/,,6965,Unknown,Yes,No,2020-04-17 20:20:33
signlanguage,https://www.reddit.com/r/signlanguage/,,6965,Unknown,Yes,No,2020-04-17 20:20:33
signlanguage,https://www.reddit.com/r/signlanguage/,,6965,Unknown,Yes,No,2020-04-17 20:20:33
signlanguage,https://www.reddit.com/r/signlanguage/,,6965,Unknown,Yes,No,2020-04-17 20:20:33
signlanguage,https://www.reddit.com/r/signlanguage/,,6965,Unknown,Yes,No,2020-04-17 20:20:33
signlanguage,https://www.reddit.com/r/signlanguage/,,6965,Unknown,Yes,No,2020-04-17 20:20:33
signlanguage,https://www.reddit.com/r/signlanguage/,,6965,Unknown,Yes,No,2020-04-17 20:20:33
signlanguage,https://www.reddit.com/r/signlanguage/,,6965,Unknown,Yes,No,2020-04-17 20:20:33
signlanguage,https://www.reddit.com/r/signlanguage/,,6965,Unknown,Yes,No,2020-04-17 20:20:33
signlanguage,https://www.reddit.com/r/signlanguage/,,6965,Unknown,Yes,No,2020-04-17 20:20:33
signlanguage,https://www.reddit.com/r/signlanguage/,,6965,Unknown,Yes,No,2020-04-17 20:20:33
signlanguage,https://www.reddit.com/r/signlanguage/,,6965,Unknown,Yes,No,2020-04-17 20:20:33
signlanguage,https://www.reddit.com/r/signlanguage/,,6965,Unknown,Yes,No,2020-04-17 20:20:33
signlanguage,https://www.reddit.com/r/signlanguage/,,6965,Unknown,Yes,No,2020-04-17 20:20:33
signlanguage,https://www.reddit.com/r/signlanguage/,,6965,Unknown,Yes,No,2020-04-17 20:20:33
signlanguage,https://www.reddit.com/r/signlanguage/,,6965,Unknown,Yes,No,2020-04-17 20:20:33
signlanguage,https://www.reddit.com/r/signlanguage/,,6965,Unknown,Yes,No,2020-04-17 20:20:33
signlanguage,https://www.reddit.com/r/signlanguage/,,6965,Unknown,Yes,No,2020-04-17 20:20:33
signlanguage,https://www.reddit.com/r/signlanguage/,,6965,Unknown,Yes,No,2020-04-17 20:20:33
LearnANewLanguage,https://www.reddit.com/r/LearnANewLanguage/,We are in the process of revitalizing this subreddit to help language learners.  Thank you for being a part of our community!,6715,Unknown,Yes,No,2025-06-11 13:20:45
LearnANewLanguage,https://www.reddit.com/r/LearnANewLanguage/,We are in the process of revitalizing this subreddit to help language learners.  Thank you for being a part of our community!,6715,Unknown,Yes,No,2025-06-11 13:20:45
LearnANewLanguage,https://www.reddit.com/r/LearnANewLanguage/,We are in the process of revitalizing this subreddit to help language learners.  Thank you for being a part of our community!,6715,Unknown,Yes,No,2025-06-11 13:20:45
LearnANewLanguage,https://www.reddit.com/r/LearnANewLanguage/,We are in the process of revitalizing this subreddit to help language learners.  Thank you for being a part of our community!,6715,Unknown,Yes,No,2025-06-11 13:20:45
LearnANewLanguage,https://www.reddit.com/r/LearnANewLanguage/,We are in the process of revitalizing this subreddit to help language learners.  Thank you for being a part of our community!,6715,Unknown,Yes,No,2025-06-11 13:20:45
LearnANewLanguage,https://www.reddit.com/r/LearnANewLanguage/,We are in the process of revitalizing this subreddit to help language learners.  Thank you for being a part of our community!,6715,Unknown,Yes,No,2025-06-11 13:20:45
LearnANewLanguage,https://www.reddit.com/r/LearnANewLanguage/,We are in the process of revitalizing this subreddit to help language learners.  Thank you for being a part of our community!,6715,Unknown,Yes,No,2025-06-11 13:20:45
LearnANewLanguage,https://www.reddit.com/r/LearnANewLanguage/,We are in the process of revitalizing this subreddit to help language learners.  Thank you for being a part of our community!,6715,Unknown,Yes,No,2025-06-11 13:20:45
LearnANewLanguage,https://www.reddit.com/r/LearnANewLanguage/,We are in the process of revitalizing this subreddit to help language learners.  Thank you for being a part of our community!,6715,Unknown,Yes,No,2025-06-11 13:20:45
LearnANewLanguage,https://www.reddit.com/r/LearnANewLanguage/,We are in the process of revitalizing this subreddit to help language learners.  Thank you for being a part of our community!,6715,Unknown,Yes,No,2025-06-11 13:20:45
LearnANewLanguage,https://www.reddit.com/r/LearnANewLanguage/,We are in the process of revitalizing this subreddit to help language learners.  Thank you for being a part of our community!,6715,Unknown,Yes,No,2025-06-11 13:20:45
LearnANewLanguage,https://www.reddit.com/r/LearnANewLanguage/,We are in the process of revitalizing this subreddit to help language learners.  Thank you for being a part of our community!,6715,Unknown,Yes,No,2025-06-11 13:20:45
LearnANewLanguage,https://www.reddit.com/r/LearnANewLanguage/,We are in the process of revitalizing this subreddit to help language learners.  Thank you for being a part of our community!,6715,Unknown,Yes,No,2025-06-11 13:20:45
LearnANewLanguage,https://www.reddit.com/r/LearnANewLanguage/,We are in the process of revitalizing this subreddit to help language learners.  Thank you for being a part of our community!,6715,Unknown,Yes,No,2025-06-11 13:20:45
LearnANewLanguage,https://www.reddit.com/r/LearnANewLanguage/,We are in the process of revitalizing this subreddit to help language learners.  Thank you for being a part of our community!,6715,Unknown,Yes,No,2025-06-11 13:20:45
LearnANewLanguage,https://www.reddit.com/r/LearnANewLanguage/,We are in the process of revitalizing this subreddit to help language learners.  Thank you for being a part of our community!,6715,Unknown,Yes,No,2025-06-11 13:20:45
LearnANewLanguage,https://www.reddit.com/r/LearnANewLanguage/,We are in the process of revitalizing this subreddit to help language learners.  Thank you for being a part of our community!,6715,Unknown,Yes,No,2025-06-11 13:20:45
LearnANewLanguage,https://www.reddit.com/r/LearnANewLanguage/,We are in the process of revitalizing this subreddit to help language learners.  Thank you for being a part of our community!,6715,Unknown,Yes,No,2025-06-11 13:20:45
LearnANewLanguage,https://www.reddit.com/r/LearnANewLanguage/,We are in the process of revitalizing this subreddit to help language learners.  Thank you for being a part of our community!,6715,Unknown,Yes,No,2025-06-11 13:20:45
LearnANewLanguage,https://www.reddit.com/r/LearnANewLanguage/,We are in the process of revitalizing this subreddit to help language learners.  Thank you for being a part of our community!,6715,Unknown,Yes,No,2025-06-11 13:20:45
MandarinChinese,https://www.reddit.com/r/MandarinChinese/,"For people studying or teaching *Mandarin* - or just interested in the language. Please post interesting links, language learning advice, or questions about the Chinese language. **Please try avoid advertising in the main content of your post**. If you need a Chinese phrase translated try posting it here - perhaps someone can help. Please use English as your main language for posts and comments.",5837,Multiple,Yes,No,2020-02-11 08:07:58
ohtaigi,https://www.reddit.com/r/ohtaigi/,For people who are actively learning or want to start learning Taiwanese (台語). All levels of learner from true beginners through native speakers are welcome. Huan-gîng ta̍k-ke lâi tsò-hué o̍h Tâi-gí! (歡迎逐家來做伙學台語！),4541,Unknown,Yes,No,2025-06-25 14:49:53
ohtaigi,https://www.reddit.com/r/ohtaigi/,For people who are actively learning or want to start learning Taiwanese (台語). All levels of learner from true beginners through native speakers are welcome. Huan-gîng ta̍k-ke lâi tsò-hué o̍h Tâi-gí! (歡迎逐家來做伙學台語！),4541,Unknown,Yes,No,2025-06-25 14:49:53
ExchangingLanguages,https://www.reddit.com/r/ExchangingLanguages/,"Are you learning a language? Or want to practice a certain one? Find a conversation partner here! Offer your conversation, your help, or ask for help on learning languages.",2713,Unknown,Yes,No,2025-06-26 23:49:56
Mongolian,https://www.reddit.com/r/Mongolian/,"Here is a place where you can post resources, and ask questions about the Mongolian language!",2435,Mongolian,Yes,No,2025-06-27 12:52:48
Mongolian,https://www.reddit.com/r/Mongolian/,"Here is a place where you can post resources, and ask questions about the Mongolian language!",2435,Mongolian,Yes,No,2025-06-27 12:52:48
Mongolian,https://www.reddit.com/r/Mongolian/,"Here is a place where you can post resources, and ask questions about the Mongolian language!",2435,Mongolian,Yes,No,2025-06-27 12:52:48
Mongolian,https://www.reddit.com/r/Mongolian/,"Here is a place where you can post resources, and ask questions about the Mongolian language!",2435,Mongolian,Yes,No,2025-06-27 12:52:48
Mongolian,https://www.reddit.com/r/Mongolian/,"Here is a place where you can post resources, and ask questions about the Mongolian language!",2435,Mongolian,Yes,No,2025-06-27 12:52:48
Mongolian,https://www.reddit.com/r/Mongolian/,"Here is a place where you can post resources, and ask questions about the Mongolian language!",2435,Mongolian,Yes,No,2025-06-27 12:52:48
Mongolian,https://www.reddit.com/r/Mongolian/,"Here is a place where you can post resources, and ask questions about the Mongolian language!",2435,Mongolian,Yes,No,2025-06-27 12:52:48
Mongolian,https://www.reddit.com/r/Mongolian/,"Here is a place where you can post resources, and ask questions about the Mongolian language!",2435,Mongolian,Yes,No,2025-06-27 12:52:48
Mongolian,https://www.reddit.com/r/Mongolian/,"Here is a place where you can post resources, and ask questions about the Mongolian language!",2435,Mongolian,Yes,No,2025-06-27 12:52:48
Mongolian,https://www.reddit.com/r/Mongolian/,"Here is a place where you can post resources, and ask questions about the Mongolian language!",2435,Mongolian,Yes,No,2025-06-27 12:52:48
Mongolian,https://www.reddit.com/r/Mongolian/,"Here is a place where you can post resources, and ask questions about the Mongolian language!",2435,Mongolian,Yes,No,2025-06-27 12:52:48
Mongolian,https://www.reddit.com/r/Mongolian/,"Here is a place where you can post resources, and ask questions about the Mongolian language!",2435,Mongolian,Yes,No,2025-06-27 12:52:48
Mongolian,https://www.reddit.com/r/Mongolian/,"Here is a place where you can post resources, and ask questions about the Mongolian language!",2435,Mongolian,Yes,No,2025-06-27 12:52:48
Mongolian,https://www.reddit.com/r/Mongolian/,"Here is a place where you can post resources, and ask questions about the Mongolian language!",2435,Mongolian,Yes,No,2025-06-27 12:52:48
Mongolian,https://www.reddit.com/r/Mongolian/,"Here is a place where you can post resources, and ask questions about the Mongolian language!",2435,Mongolian,Yes,No,2025-06-27 12:52:48
Mongolian,https://www.reddit.com/r/Mongolian/,"Here is a place where you can post resources, and ask questions about the Mongolian language!",2435,Mongolian,Yes,No,2025-06-27 12:52:48
LearnCantonese,https://www.reddit.com/r/LearnCantonese/,A subreddit for Cantonese learners.,1573,Cantonese,Yes,No,2025-06-24 17:17:13
ThaiLanguage,https://www.reddit.com/r/ThaiLanguage/,"This is a place to help each other learn thai.
With the goal of sharing resources, Giving support, and being able to communicate challenges with other likeminded people to help your journey in learning the Thai language.",1382,Thai,Yes,No,2025-06-27 11:20:14
ThaiLanguage,https://www.reddit.com/r/ThaiLanguage/,"This is a place to help each other learn thai.
With the goal of sharing resources, Giving support, and being able to communicate challenges with other likeminded people to help your journey in learning the Thai language.",1382,Thai,Yes,No,2025-06-27 11:20:14
ThaiLanguage,https://www.reddit.com/r/ThaiLanguage/,"This is a place to help each other learn thai.
With the goal of sharing resources, Giving support, and being able to communicate challenges with other likeminded people to help your journey in learning the Thai language.",1382,Thai,Yes,No,2025-06-27 11:20:14
ThaiLanguage,https://www.reddit.com/r/ThaiLanguage/,"This is a place to help each other learn thai.
With the goal of sharing resources, Giving support, and being able to communicate challenges with other likeminded people to help your journey in learning the Thai language.",1382,Thai,Yes,No,2025-06-27 11:20:14
ThaiLanguage,https://www.reddit.com/r/ThaiLanguage/,"This is a place to help each other learn thai.
With the goal of sharing resources, Giving support, and being able to communicate challenges with other likeminded people to help your journey in learning the Thai language.",1382,Thai,Yes,No,2025-06-27 11:20:14
ThaiLanguage,https://www.reddit.com/r/ThaiLanguage/,"This is a place to help each other learn thai.
With the goal of sharing resources, Giving support, and being able to communicate challenges with other likeminded people to help your journey in learning the Thai language.",1382,Thai,Yes,No,2025-06-27 11:20:14
ThaiLanguage,https://www.reddit.com/r/ThaiLanguage/,"This is a place to help each other learn thai.
With the goal of sharing resources, Giving support, and being able to communicate challenges with other likeminded people to help your journey in learning the Thai language.",1382,Thai,Yes,No,2025-06-27 11:20:14
ThaiLanguage,https://www.reddit.com/r/ThaiLanguage/,"This is a place to help each other learn thai.
With the goal of sharing resources, Giving support, and being able to communicate challenges with other likeminded people to help your journey in learning the Thai language.",1382,Thai,Yes,No,2025-06-27 11:20:14
ThaiLanguage,https://www.reddit.com/r/ThaiLanguage/,"This is a place to help each other learn thai.
With the goal of sharing resources, Giving support, and being able to communicate challenges with other likeminded people to help your journey in learning the Thai language.",1382,Thai,Yes,No,2025-06-27 11:20:14
ThaiLanguage,https://www.reddit.com/r/ThaiLanguage/,"This is a place to help each other learn thai.
With the goal of sharing resources, Giving support, and being able to communicate challenges with other likeminded people to help your journey in learning the Thai language.",1382,Thai,Yes,No,2025-06-27 11:20:14
ThaiLanguage,https://www.reddit.com/r/ThaiLanguage/,"This is a place to help each other learn thai.
With the goal of sharing resources, Giving support, and being able to communicate challenges with other likeminded people to help your journey in learning the Thai language.",1382,Thai,Yes,No,2025-06-27 11:20:14
ThaiLanguage,https://www.reddit.com/r/ThaiLanguage/,"This is a place to help each other learn thai.
With the goal of sharing resources, Giving support, and being able to communicate challenges with other likeminded people to help your journey in learning the Thai language.",1382,Thai,Yes,No,2025-06-27 11:20:14
ThaiLanguage,https://www.reddit.com/r/ThaiLanguage/,"This is a place to help each other learn thai.
With the goal of sharing resources, Giving support, and being able to communicate challenges with other likeminded people to help your journey in learning the Thai language.",1382,Thai,Yes,No,2025-06-27 11:20:14
ThaiLanguage,https://www.reddit.com/r/ThaiLanguage/,"This is a place to help each other learn thai.
With the goal of sharing resources, Giving support, and being able to communicate challenges with other likeminded people to help your journey in learning the Thai language.",1382,Thai,Yes,No,2025-06-27 11:20:14
ThaiLanguage,https://www.reddit.com/r/ThaiLanguage/,"This is a place to help each other learn thai.
With the goal of sharing resources, Giving support, and being able to communicate challenges with other likeminded people to help your journey in learning the Thai language.",1382,Thai,Yes,No,2025-06-27 11:20:14
ThaiLanguage,https://www.reddit.com/r/ThaiLanguage/,"This is a place to help each other learn thai.
With the goal of sharing resources, Giving support, and being able to communicate challenges with other likeminded people to help your journey in learning the Thai language.",1382,Thai,Yes,No,2025-06-27 11:20:14
ThaiLanguage,https://www.reddit.com/r/ThaiLanguage/,"This is a place to help each other learn thai.
With the goal of sharing resources, Giving support, and being able to communicate challenges with other likeminded people to help your journey in learning the Thai language.",1382,Thai,Yes,No,2025-06-27 11:20:14
ThaiLanguage,https://www.reddit.com/r/ThaiLanguage/,"This is a place to help each other learn thai.
With the goal of sharing resources, Giving support, and being able to communicate challenges with other likeminded people to help your journey in learning the Thai language.",1382,Thai,Yes,No,2025-06-27 11:20:14
ThaiLanguage,https://www.reddit.com/r/ThaiLanguage/,"This is a place to help each other learn thai.
With the goal of sharing resources, Giving support, and being able to communicate challenges with other likeminded people to help your journey in learning the Thai language.",1382,Thai,Yes,No,2025-06-27 11:20:14
LearningMandarin,https://www.reddit.com/r/LearningMandarin/,"For people studying or teaching Chinese - or just interested in the language. Please post interesting links, language learning advice, or questions about the Chinese language (Need a Chinese phrase translated? Try posting it here - perhaps someone can help).
Please use English as your main language for posts and comments.",836,Multiple,Yes,No,2020-07-06 22:18:11
LearnSlovakLanguage,https://www.reddit.com/r/LearnSlovakLanguage/,"This community is dedicated to learning the Slovak language, sharing experiences, and the legal learning materials.
Our website: http://learnslovak.website",313,Slovak,Yes,No,2023-07-21 13:12:11
LearnSlovakLanguage,https://www.reddit.com/r/LearnSlovakLanguage/,"This community is dedicated to learning the Slovak language, sharing experiences, and the legal learning materials.
Our website: http://learnslovak.website",313,Slovak,Yes,No,2023-07-21 13:12:11
LearnSlovakLanguage,https://www.reddit.com/r/LearnSlovakLanguage/,"This community is dedicated to learning the Slovak language, sharing experiences, and the legal learning materials.
Our website: http://learnslovak.website",313,Slovak,Yes,No,2023-07-21 13:12:11
LearnSlovakLanguage,https://www.reddit.com/r/LearnSlovakLanguage/,"This community is dedicated to learning the Slovak language, sharing experiences, and the legal learning materials.
Our website: http://learnslovak.website",313,Slovak,Yes,No,2023-07-21 13:12:11
LearnSlovakLanguage,https://www.reddit.com/r/LearnSlovakLanguage/,"This community is dedicated to learning the Slovak language, sharing experiences, and the legal learning materials.
Our website: http://learnslovak.website",313,Slovak,Yes,No,2023-07-21 13:12:11
LearnSlovakLanguage,https://www.reddit.com/r/LearnSlovakLanguage/,"This community is dedicated to learning the Slovak language, sharing experiences, and the legal learning materials.
Our website: http://learnslovak.website",313,Slovak,Yes,No,2023-07-21 13:12:11
LearnSlovakLanguage,https://www.reddit.com/r/LearnSlovakLanguage/,"This community is dedicated to learning the Slovak language, sharing experiences, and the legal learning materials.
Our website: http://learnslovak.website",313,Slovak,Yes,No,2023-07-21 13:12:11
LearnSlovakLanguage,https://www.reddit.com/r/LearnSlovakLanguage/,"This community is dedicated to learning the Slovak language, sharing experiences, and the legal learning materials.
Our website: http://learnslovak.website",313,Slovak,Yes,No,2023-07-21 13:12:11
LearnSlovakLanguage,https://www.reddit.com/r/LearnSlovakLanguage/,"This community is dedicated to learning the Slovak language, sharing experiences, and the legal learning materials.
Our website: http://learnslovak.website",313,Slovak,Yes,No,2023-07-21 13:12:11
LearnSlovakLanguage,https://www.reddit.com/r/LearnSlovakLanguage/,"This community is dedicated to learning the Slovak language, sharing experiences, and the legal learning materials.
Our website: http://learnslovak.website",313,Slovak,Yes,No,2023-07-21 13:12:11
LearnSlovakLanguage,https://www.reddit.com/r/LearnSlovakLanguage/,"This community is dedicated to learning the Slovak language, sharing experiences, and the legal learning materials.
Our website: http://learnslovak.website",313,Slovak,Yes,No,2023-07-21 13:12:11
LearnSlovakLanguage,https://www.reddit.com/r/LearnSlovakLanguage/,"This community is dedicated to learning the Slovak language, sharing experiences, and the legal learning materials.
Our website: http://learnslovak.website",313,Slovak,Yes,No,2023-07-21 13:12:11
LearnSlovakLanguage,https://www.reddit.com/r/LearnSlovakLanguage/,"This community is dedicated to learning the Slovak language, sharing experiences, and the legal learning materials.
Our website: http://learnslovak.website",313,Slovak,Yes,No,2023-07-21 13:12:11
LearnSlovakLanguage,https://www.reddit.com/r/LearnSlovakLanguage/,"This community is dedicated to learning the Slovak language, sharing experiences, and the legal learning materials.
Our website: http://learnslovak.website",313,Slovak,Yes,No,2023-07-21 13:12:11
LearnSlovakLanguage,https://www.reddit.com/r/LearnSlovakLanguage/,"This community is dedicated to learning the Slovak language, sharing experiences, and the legal learning materials.
Our website: http://learnslovak.website",313,Slovak,Yes,No,2023-07-21 13:12:11
LearnSlovakLanguage,https://www.reddit.com/r/LearnSlovakLanguage/,"This community is dedicated to learning the Slovak language, sharing experiences, and the legal learning materials.
Our website: http://learnslovak.website",313,Slovak,Yes,No,2023-07-21 13:12:11
LearnSlovakLanguage,https://www.reddit.com/r/LearnSlovakLanguage/,"This community is dedicated to learning the Slovak language, sharing experiences, and the legal learning materials.
Our website: http://learnslovak.website",313,Slovak,Yes,No,2023-07-21 13:12:11
LearnSlovakLanguage,https://www.reddit.com/r/LearnSlovakLanguage/,"This community is dedicated to learning the Slovak language, sharing experiences, and the legal learning materials.
Our website: http://learnslovak.website",313,Slovak,Yes,No,2023-07-21 13:12:11
LearnSlovakLanguage,https://www.reddit.com/r/LearnSlovakLanguage/,"This community is dedicated to learning the Slovak language, sharing experiences, and the legal learning materials.
Our website: http://learnslovak.website",313,Slovak,Yes,No,2023-07-21 13:12:11
LearnSlovakLanguage,https://www.reddit.com/r/LearnSlovakLanguage/,"This community is dedicated to learning the Slovak language, sharing experiences, and the legal learning materials.
Our website: http://learnslovak.website",313,Slovak,Yes,No,2023-07-21 13:12:11
Learn_Language,https://www.reddit.com/r/Learn_Language/,Learn a Language is a community focused on the best free and paid resources for language learning gradually and effectively. ,206,Unknown,Yes,No,2017-03-26 22:38:36
Learn_Language,https://www.reddit.com/r/Learn_Language/,Learn a Language is a community focused on the best free and paid resources for language learning gradually and effectively. ,206,Unknown,Yes,No,2017-03-26 22:38:36
Learn_Language,https://www.reddit.com/r/Learn_Language/,Learn a Language is a community focused on the best free and paid resources for language learning gradually and effectively. ,206,Unknown,Yes,No,2017-03-26 22:38:36
Learn_Language,https://www.reddit.com/r/Learn_Language/,Learn a Language is a community focused on the best free and paid resources for language learning gradually and effectively. ,206,Unknown,Yes,No,2017-03-26 22:38:36
Learn_Language,https://www.reddit.com/r/Learn_Language/,Learn a Language is a community focused on the best free and paid resources for language learning gradually and effectively. ,206,Unknown,Yes,No,2017-03-26 22:38:36
Learn_Language,https://www.reddit.com/r/Learn_Language/,Learn a Language is a community focused on the best free and paid resources for language learning gradually and effectively. ,206,Unknown,Yes,No,2017-03-26 22:38:36
Learn_Language,https://www.reddit.com/r/Learn_Language/,Learn a Language is a community focused on the best free and paid resources for language learning gradually and effectively. ,206,Unknown,Yes,No,2017-03-26 22:38:36
Learn_Language,https://www.reddit.com/r/Learn_Language/,Learn a Language is a community focused on the best free and paid resources for language learning gradually and effectively. ,206,Unknown,Yes,No,2017-03-26 22:38:36
Learn_Language,https://www.reddit.com/r/Learn_Language/,Learn a Language is a community focused on the best free and paid resources for language learning gradually and effectively. ,206,Unknown,Yes,No,2017-03-26 22:38:36
Learn_Language,https://www.reddit.com/r/Learn_Language/,Learn a Language is a community focused on the best free and paid resources for language learning gradually and effectively. ,206,Unknown,Yes,No,2017-03-26 22:38:36
Learn_Language,https://www.reddit.com/r/Learn_Language/,Learn a Language is a community focused on the best free and paid resources for language learning gradually and effectively. ,206,Unknown,Yes,No,2017-03-26 22:38:36
Learn_Language,https://www.reddit.com/r/Learn_Language/,Learn a Language is a community focused on the best free and paid resources for language learning gradually and effectively. ,206,Unknown,Yes,No,2017-03-26 22:38:36
Learn_Language,https://www.reddit.com/r/Learn_Language/,Learn a Language is a community focused on the best free and paid resources for language learning gradually and effectively. ,206,Unknown,Yes,No,2017-03-26 22:38:36
Learn_Language,https://www.reddit.com/r/Learn_Language/,Learn a Language is a community focused on the best free and paid resources for language learning gradually and effectively. ,206,Unknown,Yes,No,2017-03-26 22:38:36
Learn_Language,https://www.reddit.com/r/Learn_Language/,Learn a Language is a community focused on the best free and paid resources for language learning gradually and effectively. ,206,Unknown,Yes,No,2017-03-26 22:38:36
Learn_Language,https://www.reddit.com/r/Learn_Language/,Learn a Language is a community focused on the best free and paid resources for language learning gradually and effectively. ,206,Unknown,Yes,No,2017-03-26 22:38:36
Learn_Language,https://www.reddit.com/r/Learn_Language/,Learn a Language is a community focused on the best free and paid resources for language learning gradually and effectively. ,206,Unknown,Yes,No,2017-03-26 22:38:36
Learn_Language,https://www.reddit.com/r/Learn_Language/,Learn a Language is a community focused on the best free and paid resources for language learning gradually and effectively. ,206,Unknown,Yes,No,2017-03-26 22:38:36
Learn_Language,https://www.reddit.com/r/Learn_Language/,Learn a Language is a community focused on the best free and paid resources for language learning gradually and effectively. ,206,Unknown,Yes,No,2017-03-26 22:38:36
Learn_Language,https://www.reddit.com/r/Learn_Language/,Learn a Language is a community focused on the best free and paid resources for language learning gradually and effectively. ,206,Unknown,Yes,No,2017-03-26 22:38:36
LearnLombardLanguage,https://www.reddit.com/r/LearnLombardLanguage/,A community open to everyone who wants to learn or share contents about the Lombard language.,142,Unknown,Yes,No,2025-06-27 13:02:08
LearnLombardLanguage,https://www.reddit.com/r/LearnLombardLanguage/,A community open to everyone who wants to learn or share contents about the Lombard language.,142,Unknown,Yes,No,2025-06-27 13:02:08
LearnLombardLanguage,https://www.reddit.com/r/LearnLombardLanguage/,A community open to everyone who wants to learn or share contents about the Lombard language.,142,Unknown,Yes,No,2025-06-27 13:02:08
LearnLombardLanguage,https://www.reddit.com/r/LearnLombardLanguage/,A community open to everyone who wants to learn or share contents about the Lombard language.,142,Unknown,Yes,No,2025-06-27 13:02:08
LearnLombardLanguage,https://www.reddit.com/r/LearnLombardLanguage/,A community open to everyone who wants to learn or share contents about the Lombard language.,142,Unknown,Yes,No,2025-06-27 13:02:08
LearnLombardLanguage,https://www.reddit.com/r/LearnLombardLanguage/,A community open to everyone who wants to learn or share contents about the Lombard language.,142,Unknown,Yes,No,2025-06-27 13:02:08
LearnLombardLanguage,https://www.reddit.com/r/LearnLombardLanguage/,A community open to everyone who wants to learn or share contents about the Lombard language.,142,Unknown,Yes,No,2025-06-27 13:02:08
LearnLombardLanguage,https://www.reddit.com/r/LearnLombardLanguage/,A community open to everyone who wants to learn or share contents about the Lombard language.,142,Unknown,Yes,No,2025-06-27 13:02:08
LearnLombardLanguage,https://www.reddit.com/r/LearnLombardLanguage/,A community open to everyone who wants to learn or share contents about the Lombard language.,142,Unknown,Yes,No,2025-06-27 13:02:08
LearnLombardLanguage,https://www.reddit.com/r/LearnLombardLanguage/,A community open to everyone who wants to learn or share contents about the Lombard language.,142,Unknown,Yes,No,2025-06-27 13:02:08
LearnLombardLanguage,https://www.reddit.com/r/LearnLombardLanguage/,A community open to everyone who wants to learn or share contents about the Lombard language.,142,Unknown,Yes,No,2025-06-27 13:02:08
LearnLombardLanguage,https://www.reddit.com/r/LearnLombardLanguage/,A community open to everyone who wants to learn or share contents about the Lombard language.,142,Unknown,Yes,No,2025-06-27 13:02:08
LearnLombardLanguage,https://www.reddit.com/r/LearnLombardLanguage/,A community open to everyone who wants to learn or share contents about the Lombard language.,142,Unknown,Yes,No,2025-06-27 13:02:08
LearnLombardLanguage,https://www.reddit.com/r/LearnLombardLanguage/,A community open to everyone who wants to learn or share contents about the Lombard language.,142,Unknown,Yes,No,2025-06-27 13:02:08
LearnLombardLanguage,https://www.reddit.com/r/LearnLombardLanguage/,A community open to everyone who wants to learn or share contents about the Lombard language.,142,Unknown,Yes,No,2025-06-27 13:02:08
LearnLombardLanguage,https://www.reddit.com/r/LearnLombardLanguage/,A community open to everyone who wants to learn or share contents about the Lombard language.,142,Unknown,Yes,No,2025-06-27 13:02:08
LearnLombardLanguage,https://www.reddit.com/r/LearnLombardLanguage/,A community open to everyone who wants to learn or share contents about the Lombard language.,142,Unknown,Yes,No,2025-06-27 13:02:08
LearnLombardLanguage,https://www.reddit.com/r/LearnLombardLanguage/,A community open to everyone who wants to learn or share contents about the Lombard language.,142,Unknown,Yes,No,2025-06-27 13:02:08
LearnLombardLanguage,https://www.reddit.com/r/LearnLombardLanguage/,A community open to everyone who wants to learn or share contents about the Lombard language.,142,Unknown,Yes,No,2025-06-27 13:02:08
LearnLombardLanguage,https://www.reddit.com/r/LearnLombardLanguage/,A community open to everyone who wants to learn or share contents about the Lombard language.,142,Unknown,Yes,No,2025-06-27 13:02:08
ChineseLanguageMemes,https://www.reddit.com/r/ChineseLanguageMemes/,Memes for Chinese language learners,133,Chinese,Yes,No,2023-11-27 16:46:00
LearnChineseYourself,https://www.reddit.com/r/LearnChineseYourself/,Learn Chinese language by yourself - It's not a dream ... anymore.,127,Chinese,Yes,No,2025-06-19 19:01:47
LearnRealChinese,https://www.reddit.com/r/LearnRealChinese/,"If you want to speak Mandarin with a
pure Beijing accent, please join this community!",122,Mandarin,Yes,No,2024-05-09 04:41:25
LearnaForeignLanguage,https://www.reddit.com/r/LearnaForeignLanguage/,Want to learn a new language? Need help with translations? Come to do your foreign language class homework? This subreddit is for you! We are a sub dedicated to learning a language discussion and exposure.  ,88,Unknown,Yes,No,2019-11-12 20:32:13
LearnaForeignLanguage,https://www.reddit.com/r/LearnaForeignLanguage/,Want to learn a new language? Need help with translations? Come to do your foreign language class homework? This subreddit is for you! We are a sub dedicated to learning a language discussion and exposure.  ,88,Unknown,Yes,No,2019-11-12 20:32:13
LearnaForeignLanguage,https://www.reddit.com/r/LearnaForeignLanguage/,Want to learn a new language? Need help with translations? Come to do your foreign language class homework? This subreddit is for you! We are a sub dedicated to learning a language discussion and exposure.  ,88,Unknown,Yes,No,2019-11-12 20:32:13
LearnaForeignLanguage,https://www.reddit.com/r/LearnaForeignLanguage/,Want to learn a new language? Need help with translations? Come to do your foreign language class homework? This subreddit is for you! We are a sub dedicated to learning a language discussion and exposure.  ,88,Unknown,Yes,No,2019-11-12 20:32:13
LearnaForeignLanguage,https://www.reddit.com/r/LearnaForeignLanguage/,Want to learn a new language? Need help with translations? Come to do your foreign language class homework? This subreddit is for you! We are a sub dedicated to learning a language discussion and exposure.  ,88,Unknown,Yes,No,2019-11-12 20:32:13
LearnaForeignLanguage,https://www.reddit.com/r/LearnaForeignLanguage/,Want to learn a new language? Need help with translations? Come to do your foreign language class homework? This subreddit is for you! We are a sub dedicated to learning a language discussion and exposure.  ,88,Unknown,Yes,No,2019-11-12 20:32:13
LearnaForeignLanguage,https://www.reddit.com/r/LearnaForeignLanguage/,Want to learn a new language? Need help with translations? Come to do your foreign language class homework? This subreddit is for you! We are a sub dedicated to learning a language discussion and exposure.  ,88,Unknown,Yes,No,2019-11-12 20:32:13
LearnaForeignLanguage,https://www.reddit.com/r/LearnaForeignLanguage/,Want to learn a new language? Need help with translations? Come to do your foreign language class homework? This subreddit is for you! We are a sub dedicated to learning a language discussion and exposure.  ,88,Unknown,Yes,No,2019-11-12 20:32:13
LearnaForeignLanguage,https://www.reddit.com/r/LearnaForeignLanguage/,Want to learn a new language? Need help with translations? Come to do your foreign language class homework? This subreddit is for you! We are a sub dedicated to learning a language discussion and exposure.  ,88,Unknown,Yes,No,2019-11-12 20:32:13
LearnaForeignLanguage,https://www.reddit.com/r/LearnaForeignLanguage/,Want to learn a new language? Need help with translations? Come to do your foreign language class homework? This subreddit is for you! We are a sub dedicated to learning a language discussion and exposure.  ,88,Unknown,Yes,No,2019-11-12 20:32:13
LearnaForeignLanguage,https://www.reddit.com/r/LearnaForeignLanguage/,Want to learn a new language? Need help with translations? Come to do your foreign language class homework? This subreddit is for you! We are a sub dedicated to learning a language discussion and exposure.  ,88,Unknown,Yes,No,2019-11-12 20:32:13
LearnaForeignLanguage,https://www.reddit.com/r/LearnaForeignLanguage/,Want to learn a new language? Need help with translations? Come to do your foreign language class homework? This subreddit is for you! We are a sub dedicated to learning a language discussion and exposure.  ,88,Unknown,Yes,No,2019-11-12 20:32:13
LearnaForeignLanguage,https://www.reddit.com/r/LearnaForeignLanguage/,Want to learn a new language? Need help with translations? Come to do your foreign language class homework? This subreddit is for you! We are a sub dedicated to learning a language discussion and exposure.  ,88,Unknown,Yes,No,2019-11-12 20:32:13
LearnaForeignLanguage,https://www.reddit.com/r/LearnaForeignLanguage/,Want to learn a new language? Need help with translations? Come to do your foreign language class homework? This subreddit is for you! We are a sub dedicated to learning a language discussion and exposure.  ,88,Unknown,Yes,No,2019-11-12 20:32:13
LearnaForeignLanguage,https://www.reddit.com/r/LearnaForeignLanguage/,Want to learn a new language? Need help with translations? Come to do your foreign language class homework? This subreddit is for you! We are a sub dedicated to learning a language discussion and exposure.  ,88,Unknown,Yes,No,2019-11-12 20:32:13
LearnaForeignLanguage,https://www.reddit.com/r/LearnaForeignLanguage/,Want to learn a new language? Need help with translations? Come to do your foreign language class homework? This subreddit is for you! We are a sub dedicated to learning a language discussion and exposure.  ,88,Unknown,Yes,No,2019-11-12 20:32:13
LearnaForeignLanguage,https://www.reddit.com/r/LearnaForeignLanguage/,Want to learn a new language? Need help with translations? Come to do your foreign language class homework? This subreddit is for you! We are a sub dedicated to learning a language discussion and exposure.  ,88,Unknown,Yes,No,2019-11-12 20:32:13
LearnaForeignLanguage,https://www.reddit.com/r/LearnaForeignLanguage/,Want to learn a new language? Need help with translations? Come to do your foreign language class homework? This subreddit is for you! We are a sub dedicated to learning a language discussion and exposure.  ,88,Unknown,Yes,No,2019-11-12 20:32:13
Parley,https://www.reddit.com/r/Parley/,all about Parley,30,Unknown,Yes,No,2022-09-21 20:34:17
Parley,https://www.reddit.com/r/Parley/,all about Parley,30,Unknown,Yes,No,2022-09-21 20:34:17
Parley,https://www.reddit.com/r/Parley/,all about Parley,30,Unknown,Yes,No,2022-09-21 20:34:17
Parley,https://www.reddit.com/r/Parley/,all about Parley,30,Unknown,Yes,No,2022-09-21 20:34:17
Parley,https://www.reddit.com/r/Parley/,all about Parley,30,Unknown,Yes,No,2022-09-21 20:34:17
Parley,https://www.reddit.com/r/Parley/,all about Parley,30,Unknown,Yes,No,2022-09-21 20:34:17
Parley,https://www.reddit.com/r/Parley/,all about Parley,30,Unknown,Yes,No,2022-09-21 20:34:17
Parley,https://www.reddit.com/r/Parley/,all about Parley,30,Unknown,Yes,No,2022-09-21 20:34:17
Parley,https://www.reddit.com/r/Parley/,all about Parley,30,Unknown,Yes,No,2022-09-21 20:34:17
Parley,https://www.reddit.com/r/Parley/,all about Parley,30,Unknown,Yes,No,2022-09-21 20:34:17
Parley,https://www.reddit.com/r/Parley/,all about Parley,30,Unknown,Yes,No,2022-09-21 20:34:17
Parley,https://www.reddit.com/r/Parley/,all about Parley,30,Unknown,Yes,No,2022-09-21 20:34:17
Parley,https://www.reddit.com/r/Parley/,all about Parley,30,Unknown,Yes,No,2022-09-21 20:34:17
Parley,https://www.reddit.com/r/Parley/,all about Parley,30,Unknown,Yes,No,2022-09-21 20:34:17
Parley,https://www.reddit.com/r/Parley/,all about Parley,30,Unknown,Yes,No,2022-09-21 20:34:17
Parley,https://www.reddit.com/r/Parley/,all about Parley,30,Unknown,Yes,No,2022-09-21 20:34:17
Parley,https://www.reddit.com/r/Parley/,all about Parley,30,Unknown,Yes,No,2022-09-21 20:34:17
Parley,https://www.reddit.com/r/Parley/,all about Parley,30,Unknown,Yes,No,2022-09-21 20:34:17
LanguageChinese,https://www.reddit.com/r/LanguageChinese/,"This is a platform dedicated to learning Chinese, exploring Chinese culture, and sharing experiences. Whether you're a beginner, looking to improve your Chinese, or interested in Chinese culture, this is the ideal place for you.",10,Chinese,Yes,No,2023-12-09 06:19:10
